epoch,step,train_loss,train_acc,lr-AdamW,val_loss,val_acc,test_loss,test_acc
,0,,,0.0003,,,,
0,49,1.924925446510315,0.3046875,,,,,
0,99,1.8547028303146362,0.3046875,,,,,
0,149,1.635565161705017,0.4140625,,,,,
0,174,,,,2.839529514312744,0.18520000576972961,,
,175,,,0.0003,,,,
1,199,1.4236934185028076,0.5,,,,,
1,249,1.460989236831665,0.453125,,,,,
1,299,1.414957880973816,0.47265625,,,,,
1,349,1.3489958047866821,0.48828125,,,,,
1,349,,,,3.017453908920288,0.17219999432563782,,
,350,,,0.0003,,,,
2,399,1.329670786857605,0.5390625,,,,,
2,449,1.286347508430481,0.4921875,,,,,
2,499,1.3252582550048828,0.54296875,,,,,
2,524,,,,3.257983684539795,0.1687999963760376,,
,525,,,0.0003,,,,
3,549,1.1807498931884766,0.57421875,,,,,
3,599,1.2793588638305664,0.55078125,,,,,
3,649,1.257572889328003,0.58984375,,,,,
3,699,1.1810234785079956,0.59375,,,,,
3,699,,,,3.384378433227539,0.16699999570846558,,
,700,,,0.0003,,,,
4,749,1.0784813165664673,0.62109375,,,,,
4,799,1.1269667148590088,0.56640625,,,,,
4,849,1.092352271080017,0.6015625,,,,,
4,874,,,,3.571295976638794,0.15940000116825104,,
,875,,,0.0003,,,,
5,899,1.0834486484527588,0.6015625,,,,,
5,949,1.1544567346572876,0.625,,,,,
5,999,1.0336960554122925,0.609375,,,,,
5,1049,1.1318304538726807,0.60546875,,,,,
5,1049,,,,3.5423476696014404,0.17599999904632568,,
,1050,,,0.0003,,,,
6,1099,1.0454732179641724,0.62890625,,,,,
6,1149,0.9819713830947876,0.62890625,,,,,
6,1199,1.0720962285995483,0.625,,,,,
6,1224,,,,3.5537850856781006,0.16979999840259552,,
,1225,,,0.0003,,,,
7,1249,0.9985010623931885,0.640625,,,,,
7,1299,0.9190484881401062,0.65625,,,,,
7,1349,1.0129802227020264,0.6640625,,,,,
7,1399,1.1716641187667847,0.5859375,,,,,
7,1399,,,,3.618903398513794,0.16699999570846558,,
,1400,,,0.0003,,,,
8,1449,1.0050179958343506,0.6328125,,,,,
8,1499,0.9099336266517639,0.65625,,,,,
8,1549,0.9149417281150818,0.6796875,,,,,
8,1574,,,,3.6908488273620605,0.16740000247955322,,
,1575,,,0.0003,,,,
9,1599,0.8643980622291565,0.7265625,,,,,
9,1649,0.9748401045799255,0.6328125,,,,,
9,1699,0.9925973415374756,0.65625,,,,,
9,1749,0.8401426672935486,0.7109375,,,,,
9,1749,,,,3.8644633293151855,0.15680000185966492,,
,1750,,,0.0003,,,,
10,1799,0.9565661549568176,0.6796875,,,,,
10,1849,1.0281927585601807,0.65234375,,,,,
10,1899,0.9342707395553589,0.66015625,,,,,
10,1924,,,,3.728879690170288,0.16439999639987946,,
,1925,,,0.0003,,,,
11,1949,0.882440447807312,0.703125,,,,,
11,1999,0.8668131828308105,0.7109375,,,,,
11,2049,0.9688835144042969,0.65234375,,,,,
11,2099,0.8936209082603455,0.70703125,,,,,
11,2099,,,,3.594661235809326,0.16459999978542328,,
,2100,,,0.0003,,,,
12,2149,0.8081365823745728,0.7109375,,,,,
12,2199,0.8269950151443481,0.73046875,,,,,
12,2249,0.9391416311264038,0.66015625,,,,,
12,2274,,,,3.7580485343933105,0.1589999943971634,,
,2275,,,0.0003,,,,
13,2299,0.9065282344818115,0.71875,,,,,
13,2349,0.7793273329734802,0.71875,,,,,
13,2399,0.7873052954673767,0.71875,,,,,
13,2449,0.7961084842681885,0.71875,,,,,
13,2449,,,,3.5815963745117188,0.15639999508857727,,
,2450,,,0.0003,,,,
14,2499,0.828630805015564,0.6875,,,,,
14,2549,0.7939320206642151,0.68359375,,,,,
14,2599,0.8348314762115479,0.7109375,,,,,
14,2624,,,,3.8758292198181152,0.15399999916553497,,
,2625,,,0.0003,,,,
15,2649,0.7565248012542725,0.75,,,,,
15,2699,0.8812740445137024,0.69921875,,,,,
15,2749,0.9052587747573853,0.6875,,,,,
15,2799,0.7430487275123596,0.734375,,,,,
15,2799,,,,3.909475088119507,0.15719999372959137,,
,2800,,,0.0003,,,,
16,2849,0.8222873210906982,0.71875,,,,,
16,2899,0.7324225306510925,0.74609375,,,,,
16,2949,0.6661714315414429,0.72265625,,,,,
16,2974,,,,3.8897292613983154,0.16060000658035278,,
,2975,,,0.0003,,,,
17,2999,0.8051906228065491,0.71875,,,,,
17,3049,0.7723429203033447,0.71484375,,,,,
17,3099,0.7740280628204346,0.7421875,,,,,
17,3149,0.6932377815246582,0.76171875,,,,,
17,3149,,,,3.900308609008789,0.15700000524520874,,
,3150,,,0.0003,,,,
18,3199,0.7478384375572205,0.7578125,,,,,
18,3249,0.7074527144432068,0.765625,,,,,
18,3299,0.7393684387207031,0.7109375,,,,,
18,3324,,,,3.992001533508301,0.1550000011920929,,
,3325,,,0.0003,,,,
19,3349,0.7838420867919922,0.74609375,,,,,
19,3399,0.7455341815948486,0.75,,,,,
19,3449,0.7719359397888184,0.71484375,,,,,
19,3499,0.7623692154884338,0.73046875,,,,,
19,3499,,,,3.9551587104797363,0.1509999930858612,,
,3500,,,0.0003,,,,
20,3549,0.7108280658721924,0.75390625,,,,,
20,3599,0.7835906744003296,0.71875,,,,,
20,3649,0.6720988154411316,0.765625,,,,,
20,3674,,,,3.8644118309020996,0.15600000321865082,,
,3675,,,0.0003,,,,
21,3699,0.6940040588378906,0.75390625,,,,,
21,3749,0.5831481218338013,0.8046875,,,,,
21,3799,0.725412905216217,0.75,,,,,
21,3849,0.685261607170105,0.7421875,,,,,
21,3849,,,,4.036627769470215,0.14659999310970306,,
,3850,,,0.0003,,,,
22,3899,0.5999407172203064,0.8125,,,,,
22,3949,0.6181545257568359,0.78125,,,,,
22,3999,0.7281228303909302,0.7578125,,,,,
22,4024,,,,3.943697214126587,0.15119999647140503,,
,4025,,,0.0003,,,,
23,4049,0.6192764043807983,0.78125,,,,,
23,4099,0.6164208054542542,0.7890625,,,,,
23,4149,0.6757009625434875,0.7734375,,,,,
23,4199,0.6168705224990845,0.796875,,,,,
23,4199,,,,4.0020060539245605,0.1477999985218048,,
,4200,,,0.0003,,,,
24,4249,0.5661735534667969,0.7890625,,,,,
24,4299,0.519827663898468,0.81640625,,,,,
24,4349,0.6016785502433777,0.7734375,,,,,
24,4374,,,,4.0272650718688965,0.1534000039100647,,
,4375,,,0.0003,,,,
25,4399,0.6750970482826233,0.7421875,,,,,
25,4449,0.5608100295066833,0.8046875,,,,,
25,4499,0.6966168284416199,0.79296875,,,,,
25,4549,0.6493760347366333,0.76953125,,,,,
25,4549,,,,4.010321617126465,0.15919999778270721,,
,4550,,,0.0003,,,,
26,4599,0.5943508148193359,0.80078125,,,,,
26,4649,0.5381141304969788,0.79296875,,,,,
26,4699,0.6135026216506958,0.76953125,,,,,
26,4724,,,,4.1166815757751465,0.14880000054836273,,
,4725,,,0.0003,,,,
27,4749,0.5177037715911865,0.8125,,,,,
27,4799,0.6237384676933289,0.7890625,,,,,
27,4849,0.4934363067150116,0.82421875,,,,,
27,4899,0.5234614014625549,0.828125,,,,,
27,4899,,,,4.087214946746826,0.14800000190734863,,
,4900,,,0.0003,,,,
28,4949,0.6001043319702148,0.7578125,,,,,
28,4999,0.5625293254852295,0.79296875,,,,,
28,5049,0.4506843388080597,0.83203125,,,,,
28,5074,,,,4.089665412902832,0.15119999647140503,,
,5075,,,0.0003,,,,
29,5099,0.5135177969932556,0.80859375,,,,,
29,5149,0.6058275699615479,0.76953125,,,,,
29,5199,0.6204051375389099,0.79296875,,,,,
29,5249,0.593295693397522,0.77734375,,,,,
29,5249,,,,4.136646270751953,0.14900000393390656,,
,5250,,,0.0003,,,,
30,5299,0.5084682703018188,0.80859375,,,,,
30,5349,0.43791744112968445,0.84375,,,,,
30,5399,0.6496211290359497,0.74609375,,,,,
30,5424,,,,4.102205276489258,0.1501999944448471,,
,5425,,,0.0003,,,,
31,5449,0.5439907908439636,0.8046875,,,,,
31,5499,0.5167590379714966,0.8125,,,,,
31,5549,0.543034553527832,0.80078125,,,,,
31,5599,0.5480524301528931,0.7890625,,,,,
31,5599,,,,4.084417819976807,0.15559999644756317,,
,5600,,,0.0003,,,,
32,5649,0.5405474305152893,0.8046875,,,,,
32,5699,0.448554128408432,0.83984375,,,,,
32,5749,0.5202040076255798,0.80859375,,,,,
32,5774,,,,4.119869232177734,0.15039999783039093,,
,5775,,,0.0003,,,,
33,5799,0.5898354053497314,0.80078125,,,,,
33,5849,0.599777102470398,0.77734375,,,,,
33,5899,0.504276692867279,0.83984375,,,,,
33,5949,0.5679833292961121,0.81640625,,,,,
33,5949,,,,4.1770524978637695,0.1534000039100647,,
,5950,,,0.0003,,,,
34,5999,0.49619442224502563,0.8125,,,,,
34,6049,0.4255498945713043,0.84765625,,,,,
34,6099,0.5477585196495056,0.796875,,,,,
34,6124,,,,4.276880741119385,0.15559999644756317,,
,6125,,,0.0003,,,,
35,6149,0.39587485790252686,0.87890625,,,,,
35,6199,0.3999193012714386,0.8359375,,,,,
35,6249,0.5359212756156921,0.796875,,,,,
35,6299,0.43933069705963135,0.83203125,,,,,
35,6299,,,,4.195237159729004,0.149399995803833,,
,6300,,,0.0003,,,,
36,6349,0.5423818230628967,0.79296875,,,,,
36,6399,0.5234848260879517,0.8359375,,,,,
36,6449,0.5272716283798218,0.8203125,,,,,
36,6474,,,,4.065091609954834,0.14640000462532043,,
,6475,,,0.0003,,,,
37,6499,0.35748744010925293,0.875,,,,,
37,6549,0.46877071261405945,0.81640625,,,,,
37,6599,0.4241800606250763,0.83984375,,,,,
37,6649,0.44594261050224304,0.86328125,,,,,
37,6649,,,,4.1460676193237305,0.15279999375343323,,
,6650,,,0.0003,,,,
38,6699,0.4195440411567688,0.875,,,,,
38,6749,0.36431974172592163,0.8515625,,,,,
38,6799,0.3487190902233124,0.875,,,,,
38,6824,,,,4.300899505615234,0.14839999377727509,,
,6825,,,0.0003,,,,
39,6849,0.3926374316215515,0.8515625,,,,,
39,6899,0.34785157442092896,0.87890625,,,,,
39,6949,0.46981367468833923,0.8046875,,,,,
39,6999,0.4205067455768585,0.8515625,,,,,
39,6999,,,,4.320758819580078,0.16519999504089355,,
,7000,,,0.0003,,,,
40,7049,0.38585367798805237,0.859375,,,,,
40,7099,0.46623384952545166,0.82421875,,,,,
40,7149,0.354158490896225,0.88671875,,,,,
40,7174,,,,4.347069263458252,0.1454000025987625,,
,7175,,,0.0003,,,,
41,7199,0.3691886365413666,0.88671875,,,,,
41,7249,0.5040861964225769,0.8125,,,,,
41,7299,0.42646604776382446,0.8671875,,,,,
41,7349,0.38588374853134155,0.84375,,,,,
41,7349,,,,4.1946258544921875,0.15620000660419464,,
,7350,,,0.0003,,,,
42,7399,0.38514915108680725,0.8515625,,,,,
42,7449,0.32075121998786926,0.890625,,,,,
42,7499,0.493796169757843,0.8359375,,,,,
42,7524,,,,4.340996742248535,0.1599999964237213,,
,7525,,,0.0003,,,,
43,7549,0.32700711488723755,0.8984375,,,,,
43,7599,0.36623916029930115,0.87109375,,,,,
43,7649,0.4016282856464386,0.8671875,,,,,
43,7699,0.4266439378261566,0.83203125,,,,,
43,7699,,,,4.367476463317871,0.14920000731945038,,
,7700,,,0.0003,,,,
44,7749,0.3807307779788971,0.84375,,,,,
44,7799,0.40137699246406555,0.875,,,,,
44,7849,0.35895001888275146,0.8671875,,,,,
44,7874,,,,4.277669906616211,0.15860000252723694,,
,7875,,,0.0003,,,,
45,7899,0.32993197441101074,0.8828125,,,,,
45,7949,0.40318042039871216,0.85546875,,,,,
45,7999,0.32219603657722473,0.85546875,,,,,
45,8049,0.3011621832847595,0.87890625,,,,,
45,8049,,,,4.513396739959717,0.15440000593662262,,
,8050,,,0.0003,,,,
46,8099,0.34123629331588745,0.8828125,,,,,
46,8149,0.34951579570770264,0.87109375,,,,,
46,8199,0.4498726427555084,0.87109375,,,,,
46,8224,,,,4.485743522644043,0.14419999718666077,,
,8225,,,0.0003,,,,
47,8249,0.31944501399993896,0.8984375,,,,,
47,8299,0.32625600695610046,0.88671875,,,,,
47,8349,0.2988293766975403,0.89453125,,,,,
47,8399,0.35294434428215027,0.875,,,,,
47,8399,,,,4.353190898895264,0.1534000039100647,,
,8400,,,0.0003,,,,
48,8449,0.3497867286205292,0.890625,,,,,
48,8499,0.2953779697418213,0.8828125,,,,,
48,8549,0.2617532014846802,0.90625,,,,,
48,8574,,,,4.582228183746338,0.15080000460147858,,
,8575,,,0.0003,,,,
49,8599,0.3130793571472168,0.8828125,,,,,
49,8649,0.3264026641845703,0.90234375,,,,,
49,8699,0.3160600960254669,0.8828125,,,,,
49,8749,0.25091370940208435,0.890625,,,,,
49,8749,,,,4.674655437469482,0.14959999918937683,,
,8750,,,0.0003,,,,
50,8799,0.20905256271362305,0.9296875,,,,,
50,8849,0.24845121800899506,0.90625,,,,,
50,8899,0.39100897312164307,0.83984375,,,,,
50,8924,,,,4.404826641082764,0.14880000054836273,,
,8925,,,0.0003,,,,
51,8949,0.31412625312805176,0.890625,,,,,
51,8999,0.24598531424999237,0.921875,,,,,
51,9049,0.34837931394577026,0.87890625,,,,,
51,9099,0.29551178216934204,0.890625,,,,,
51,9099,,,,4.703413963317871,0.15279999375343323,,
,9100,,,0.0003,,,,
52,9149,0.23558028042316437,0.9140625,,,,,
52,9199,0.34357205033302307,0.86328125,,,,,
52,9249,0.23237837851047516,0.9296875,,,,,
52,9274,,,,4.7559123039245605,0.149399995803833,,
,9275,,,0.0003,,,,
53,9299,0.31249746680259705,0.89453125,,,,,
53,9349,0.2661108374595642,0.9140625,,,,,
53,9399,0.30638188123703003,0.890625,,,,,
53,9449,0.29274892807006836,0.859375,,,,,
53,9449,,,,4.790326118469238,0.1509999930858612,,
,9450,,,0.0003,,,,
54,9499,0.2732701003551483,0.90625,,,,,
54,9549,0.2294902354478836,0.93359375,,,,,
54,9599,0.275034636259079,0.9140625,,,,,
54,9624,,,,4.861076354980469,0.1526000052690506,,
,9625,,,0.0003,,,,
55,9649,0.21160653233528137,0.921875,,,,,
55,9699,0.2094588726758957,0.93359375,,,,,
55,9749,0.21569779515266418,0.921875,,,,,
55,9799,0.2369905710220337,0.9296875,,,,,
55,9799,,,,4.88224983215332,0.14820000529289246,,
,9800,,,0.0003,,,,
56,9849,0.18274538218975067,0.9296875,,,,,
56,9899,0.2830575108528137,0.90625,,,,,
56,9949,0.2334040105342865,0.8984375,,,,,
56,9974,,,,4.870936393737793,0.1526000052690506,,
,9975,,,0.0003,,,,
57,9999,0.16634613275527954,0.94140625,,,,,
57,10049,0.25447070598602295,0.90625,,,,,
57,10099,0.2105308473110199,0.921875,,,,,
57,10149,0.29545432329177856,0.87890625,,,,,
57,10149,,,,4.834747791290283,0.15780000388622284,,
,10150,,,0.0003,,,,
58,10199,0.2565377652645111,0.890625,,,,,
58,10249,0.1546483039855957,0.96875,,,,,
58,10299,0.2968783676624298,0.90234375,,,,,
58,10324,,,,4.758070468902588,0.15219999849796295,,
,10325,,,0.0003,,,,
59,10349,0.20318110287189484,0.921875,,,,,
59,10399,0.3023415505886078,0.90234375,,,,,
59,10449,0.222516730427742,0.92578125,,,,,
59,10499,0.2095448225736618,0.9140625,,,,,
59,10499,,,,4.653757095336914,0.16439999639987946,,
,10500,,,0.0003,,,,
60,10549,0.14188610017299652,0.9453125,,,,,
60,10599,0.2236214131116867,0.921875,,,,,
60,10649,0.18611100316047668,0.92578125,,,,,
60,10674,,,,5.004414081573486,0.15700000524520874,,
,10675,,,0.0003,,,,
61,10699,0.25442999601364136,0.91015625,,,,,
61,10749,0.16056466102600098,0.94921875,,,,,
61,10799,0.1879747211933136,0.93359375,,,,,
61,10849,0.24763742089271545,0.9140625,,,,,
61,10849,,,,5.176523208618164,0.16179999709129333,,
,10850,,,0.0003,,,,
62,10899,0.2143564075231552,0.92578125,,,,,
62,10949,0.15631935000419617,0.94140625,,,,,
62,10999,0.26063063740730286,0.91015625,,,,,
62,11024,,,,4.895472049713135,0.16419999301433563,,
,11025,,,0.0003,,,,
63,11049,0.21691249310970306,0.91015625,,,,,
63,11099,0.1838351935148239,0.9375,,,,,
63,11149,0.20214973390102386,0.92578125,,,,,
63,11199,0.22609460353851318,0.91796875,,,,,
63,11199,,,,4.975848197937012,0.16279999911785126,,
,11200,,,0.0003,,,,
64,11249,0.19066700339317322,0.9375,,,,,
64,11299,0.15203090012073517,0.9453125,,,,,
64,11349,0.21353653073310852,0.90234375,,,,,
64,11374,,,,4.99749231338501,0.15440000593662262,,
,11375,,,0.0003,,,,
65,11399,0.13407552242279053,0.95703125,,,,,
65,11449,0.1749127358198166,0.94140625,,,,,
65,11499,0.16040845215320587,0.94140625,,,,,
65,11549,0.17914222180843353,0.94921875,,,,,
65,11549,,,,5.06498908996582,0.1607999950647354,,
,11550,,,0.0003,,,,
66,11599,0.16244013607501984,0.9375,,,,,
66,11649,0.19557082653045654,0.9296875,,,,,
66,11699,0.15708361566066742,0.953125,,,,,
66,11724,,,,5.118757724761963,0.1581999957561493,,
,11725,,,0.0003,,,,
67,11749,0.1517891138792038,0.9375,,,,,
67,11799,0.17407478392124176,0.9453125,,,,,
67,11849,0.16202525794506073,0.9375,,,,,
67,11899,0.188725084066391,0.9375,,,,,
67,11899,,,,5.232176780700684,0.16380000114440918,,
,11900,,,0.0003,,,,
68,11949,0.17287787795066833,0.93359375,,,,,
68,11999,0.10732600092887878,0.96484375,,,,,
68,12049,0.15271218121051788,0.94921875,,,,,
68,12074,,,,5.172311782836914,0.15760000050067902,,
,12075,,,0.0003,,,,
69,12099,0.16033390164375305,0.94140625,,,,,
69,12149,0.2534473240375519,0.9140625,,,,,
69,12199,0.08852801471948624,0.96484375,,,,,
69,12249,0.17689287662506104,0.92578125,,,,,
69,12249,,,,5.103543281555176,0.1679999977350235,,
,12250,,,0.0003,,,,
70,12299,0.15481089055538177,0.95703125,,,,,
70,12349,0.13003599643707275,0.953125,,,,,
70,12399,0.213810995221138,0.92578125,,,,,
70,12424,,,,5.106815814971924,0.1632000058889389,,
,12425,,,0.0003,,,,
71,12449,0.15952366590499878,0.9453125,,,,,
71,12499,0.15383125841617584,0.94140625,,,,,
71,12549,0.17758837342262268,0.9375,,,,,
71,12599,0.150662362575531,0.9296875,,,,,
71,12599,,,,5.254082202911377,0.15440000593662262,,
,12600,,,0.0003,,,,
72,12649,0.16238214075565338,0.921875,,,,,
72,12699,0.1369829624891281,0.953125,,,,,
72,12749,0.1578635424375534,0.9453125,,,,,
72,12774,,,,5.285135746002197,0.16359999775886536,,
,12775,,,0.0003,,,,
73,12799,0.12328275293111801,0.953125,,,,,
73,12849,0.14799299836158752,0.953125,,,,,
73,12899,0.10639116168022156,0.95703125,,,,,
73,12949,0.2509520351886749,0.921875,,,,,
73,12949,,,,5.355510711669922,0.16940000653266907,,
,12950,,,0.0003,,,,
74,12999,0.12923729419708252,0.94921875,,,,,
74,13049,0.12285061180591583,0.96484375,,,,,
74,13099,0.22555065155029297,0.9140625,,,,,
74,13124,,,,5.395618915557861,0.16359999775886536,,
,13125,,,0.0003,,,,
75,13149,0.13110828399658203,0.93359375,,,,,
75,13199,0.14892397820949554,0.94140625,,,,,
75,13249,0.13407205045223236,0.94140625,,,,,
75,13299,0.10783408582210541,0.9609375,,,,,
75,13299,,,,5.396880626678467,0.16859999299049377,,
,13300,,,0.0003,,,,
76,13349,0.13663867115974426,0.94921875,,,,,
76,13399,0.1343095302581787,0.96484375,,,,,
76,13449,0.15368418395519257,0.96484375,,,,,
76,13474,,,,5.5390305519104,0.16979999840259552,,
,13475,,,0.0003,,,,
77,13499,0.1670488864183426,0.9453125,,,,,
77,13549,0.13615098595619202,0.9609375,,,,,
77,13599,0.13160502910614014,0.9609375,,,,,
77,13649,0.1738206148147583,0.921875,,,,,
77,13649,,,,5.446168899536133,0.164000004529953,,
,13650,,,0.0003,,,,
78,13699,0.10031010955572128,0.9609375,,,,,
78,13749,0.12892864644527435,0.9609375,,,,,
78,13799,0.12129713594913483,0.95703125,,,,,
78,13824,,,,5.779396057128906,0.17479999363422394,,
,13825,,,0.0003,,,,
79,13849,0.1753559112548828,0.9453125,,,,,
79,13899,0.12751100957393646,0.953125,,,,,
79,13949,0.14380010962486267,0.94140625,,,,,
79,13999,0.11976270377635956,0.96484375,,,,,
79,13999,,,,5.808720111846924,0.16779999434947968,,
,14000,,,0.0003,,,,
80,14049,0.06581997126340866,0.96875,,,,,
80,14099,0.14983616769313812,0.953125,,,,,
80,14149,0.13222187757492065,0.96484375,,,,,
80,14174,,,,5.6265764236450195,0.16619999706745148,,
,14175,,,0.0003,,,,
81,14199,0.11450017243623734,0.96484375,,,,,
81,14249,0.12359091639518738,0.95703125,,,,,
81,14299,0.09375490248203278,0.96875,,,,,
81,14349,0.15540958940982819,0.9453125,,,,,
81,14349,,,,5.735159397125244,0.1679999977350235,,
,14350,,,0.0003,,,,
82,14399,0.12155591696500778,0.96484375,,,,,
82,14449,0.09598114341497421,0.9765625,,,,,
82,14499,0.09959729015827179,0.9609375,,,,,
82,14524,,,,5.531606674194336,0.18060000240802765,,
,14525,,,0.0003,,,,
83,14549,0.15386569499969482,0.94140625,,,,,
83,14599,0.12782955169677734,0.95703125,,,,,
83,14649,0.09461207687854767,0.9609375,,,,,
83,14699,0.103949636220932,0.94921875,,,,,
83,14699,,,,5.605828762054443,0.18299999833106995,,
,14700,,,0.0003,,,,
84,14749,0.1073506623506546,0.96875,,,,,
84,14799,0.13066153228282928,0.94921875,,,,,
84,14849,0.08780717849731445,0.96875,,,,,
84,14874,,,,5.4214558601379395,0.17739999294281006,,
,14875,,,0.0003,,,,
85,14899,0.1095377653837204,0.97265625,,,,,
85,14949,0.14385846257209778,0.9375,,,,,
85,14999,0.10777294635772705,0.96484375,,,,,
85,15049,0.10139485448598862,0.9609375,,,,,
85,15049,,,,5.586277484893799,0.17839999496936798,,
,15050,,,0.0003,,,,
86,15099,0.1014379933476448,0.96484375,,,,,
86,15149,0.12045611441135406,0.9609375,,,,,
86,15199,0.15363647043704987,0.9296875,,,,,
86,15224,,,,5.554593086242676,0.17499999701976776,,
,15225,,,0.0003,,,,
87,15249,0.1386003941297531,0.9609375,,,,,
87,15299,0.09707685559988022,0.96484375,,,,,
87,15349,0.11197329312562943,0.96484375,,,,,
87,15399,0.1290150135755539,0.953125,,,,,
87,15399,,,,5.777551174163818,0.17739999294281006,,
,15400,,,0.0003,,,,
88,15449,0.13432830572128296,0.953125,,,,,
88,15499,0.07572133839130402,0.98046875,,,,,
88,15549,0.1270899772644043,0.94921875,,,,,
88,15574,,,,5.966224670410156,0.17579999566078186,,
,15575,,,0.0003,,,,
89,15599,0.08085925132036209,0.96875,,,,,
89,15649,0.12196940928697586,0.9609375,,,,,
89,15699,0.13261550664901733,0.9609375,,,,,
89,15749,0.14704366028308868,0.94921875,,,,,
89,15749,,,,5.585734844207764,0.17000000178813934,,
,15750,,,0.0003,,,,
90,15799,0.12756970524787903,0.95703125,,,,,
90,15849,0.19751305878162384,0.921875,,,,,
90,15899,0.05833396688103676,0.984375,,,,,
90,15924,,,,5.722954750061035,0.17579999566078186,,
,15925,,,0.0003,,,,
91,15949,0.09265866875648499,0.96875,,,,,
91,15999,0.10403062403202057,0.9765625,,,,,
91,16049,0.13767139613628387,0.95703125,,,,,
91,16099,0.08550439029932022,0.96875,,,,,
91,16099,,,,5.54203462600708,0.17919999361038208,,
,16100,,,0.0003,,,,
92,16149,0.04536772891879082,0.98828125,,,,,
92,16199,0.0992526262998581,0.953125,,,,,
92,16249,0.09741128981113434,0.9609375,,,,,
92,16274,,,,6.22335147857666,0.16519999504089355,,
,16275,,,0.0003,,,,
93,16299,0.12297504395246506,0.94921875,,,,,
93,16349,0.08331155776977539,0.97265625,,,,,
93,16399,0.12353571504354477,0.94921875,,,,,
93,16449,0.11258193105459213,0.9609375,,,,,
93,16449,,,,6.0104169845581055,0.16500000655651093,,
,16450,,,0.0003,,,,
94,16499,0.0810791477560997,0.96875,,,,,
94,16549,0.10603004693984985,0.95703125,,,,,
94,16599,0.07123836129903793,0.98046875,,,,,
94,16624,,,,5.920794486999512,0.16760000586509705,,
,16625,,,0.0003,,,,
95,16649,0.09127002954483032,0.97265625,,,,,
95,16699,0.11989543586969376,0.9453125,,,,,
95,16749,0.12046380341053009,0.953125,,,,,
95,16799,0.08961658179759979,0.95703125,,,,,
95,16799,,,,5.748429775238037,0.164000004529953,,
,16800,,,0.0003,,,,
96,16849,0.09311982244253159,0.96875,,,,,
96,16899,0.06753092259168625,0.98828125,,,,,
96,16949,0.05400693044066429,0.9765625,,,,,
96,16974,,,,5.914048194885254,0.17020000517368317,,
,16975,,,0.0003,,,,
97,16999,0.08999212831258774,0.98046875,,,,,
97,17049,0.06968779116868973,0.9765625,,,,,
97,17099,0.08406943082809448,0.97265625,,,,,
97,17149,0.062189772725105286,0.9765625,,,,,
97,17149,,,,6.096458435058594,0.16359999775886536,,
,17150,,,0.0003,,,,
98,17199,0.11610691249370575,0.94921875,,,,,
98,17249,0.09702137112617493,0.96484375,,,,,
98,17299,0.0859423279762268,0.9765625,,,,,
98,17324,,,,6.115922451019287,0.17479999363422394,,
,17325,,,0.0003,,,,
99,17349,0.08998432010412216,0.9609375,,,,,
99,17399,0.10576467961072922,0.9609375,,,,,
99,17449,0.09835121780633926,0.95703125,,,,,
99,17499,0.11307964473962784,0.953125,,,,,
99,17499,,,,6.218833923339844,0.1679999977350235,,
,17500,,,2.9999999999999997e-05,,,,
100,17549,0.053691644221544266,0.984375,,,,,
100,17599,0.024062419310212135,0.98828125,,,,,
100,17649,0.10326586663722992,0.9609375,,,,,
100,17674,,,,6.196813583374023,0.1720000058412552,,
,17675,,,2.9999999999999997e-05,,,,
101,17699,0.036320626735687256,0.98828125,,,,,
101,17749,0.01911936141550541,0.99609375,,,,,
101,17799,0.02411291003227234,0.9921875,,,,,
101,17849,0.06601522862911224,0.97265625,,,,,
101,17849,,,,6.225067615509033,0.17159999907016754,,
,17850,,,2.9999999999999997e-05,,,,
102,17899,0.018123645335435867,1.0,,,,,
102,17949,0.04125840216875076,0.98828125,,,,,
102,17999,0.021492403000593185,0.99609375,,,,,
102,18024,,,,6.206941604614258,0.17100000381469727,,
,18025,,,2.9999999999999997e-05,,,,
103,18049,0.04046376049518585,0.98828125,,,,,
103,18099,0.05408216267824173,0.98046875,,,,,
103,18149,0.03919630125164986,0.98828125,,,,,
103,18199,0.036520667374134064,0.9921875,,,,,
103,18199,,,,6.270163059234619,0.1746000051498413,,
,18200,,,2.9999999999999997e-05,,,,
104,18249,0.05233383551239967,0.98046875,,,,,
104,18299,0.027831820771098137,0.99609375,,,,,
104,18349,0.032979946583509445,0.984375,,,,,
104,18374,,,,6.286631107330322,0.17399999499320984,,
,18375,,,2.9999999999999997e-05,,,,
105,18399,0.021099906414747238,0.99609375,,,,,
105,18449,0.015251507982611656,0.99609375,,,,,
105,18499,0.037541601806879044,0.9921875,,,,,
105,18549,0.00958799384534359,1.0,,,,,
105,18549,,,,6.297995090484619,0.1738000065088272,,
,18550,,,2.9999999999999997e-05,,,,
106,18599,0.02021513134241104,0.99609375,,,,,
106,18649,0.009535807184875011,1.0,,,,,
106,18699,0.013504581525921822,0.99609375,,,,,
106,18724,,,,6.334687232971191,0.17479999363422394,,
,18725,,,2.9999999999999997e-05,,,,
107,18749,0.020771440118551254,0.99609375,,,,,
107,18799,0.02964664436876774,0.99609375,,,,,
107,18849,0.007912303321063519,1.0,,,,,
107,18899,0.0426444448530674,0.984375,,,,,
107,18899,,,,6.434818267822266,0.17399999499320984,,
,18900,,,2.9999999999999997e-05,,,,
108,18949,0.0408109575510025,0.984375,,,,,
108,18999,0.01458652876317501,0.99609375,,,,,
108,19049,0.013767655938863754,0.9921875,,,,,
108,19074,,,,6.441768169403076,0.17399999499320984,,
,19075,,,2.9999999999999997e-05,,,,
109,19099,0.03062000498175621,0.98828125,,,,,
109,19149,0.03144379332661629,0.98828125,,,,,
109,19199,0.02434832789003849,0.9921875,,,,,
109,19249,0.022494565695524216,0.9921875,,,,,
109,19249,,,,6.500792026519775,0.17139999568462372,,
,19250,,,2.9999999999999997e-05,,,,
110,19299,0.006905007176101208,1.0,,,,,
110,19349,0.01734246499836445,0.99609375,,,,,
110,19399,0.01199424359947443,0.99609375,,,,,
110,19424,,,,6.457817554473877,0.1728000044822693,,
,19425,,,2.9999999999999997e-05,,,,
111,19449,0.020530913025140762,0.98828125,,,,,
111,19499,0.03159692883491516,0.984375,,,,,
111,19549,0.007385029457509518,1.0,,,,,
111,19599,0.028431816026568413,0.98828125,,,,,
111,19599,,,,6.465806484222412,0.17339999973773956,,
,19600,,,2.9999999999999997e-05,,,,
112,19649,0.012068424373865128,0.99609375,,,,,
112,19699,0.01592940464615822,0.99609375,,,,,
112,19749,0.013616790995001793,0.99609375,,,,,
112,19774,,,,6.538651943206787,0.17080000042915344,,
,19775,,,2.9999999999999997e-05,,,,
113,19799,0.01780247502028942,0.99609375,,,,,
113,19849,0.01730920560657978,0.9921875,,,,,
113,19899,0.021496644243597984,0.9921875,,,,,
113,19949,0.026544490829110146,0.9921875,,,,,
113,19949,,,,6.4889068603515625,0.17239999771118164,,
,19950,,,2.9999999999999997e-05,,,,
114,19999,0.009704840369522572,1.0,,,,,
114,20049,0.01822882518172264,0.99609375,,,,,
114,20099,0.022438911721110344,0.9921875,,,,,
114,20124,,,,6.468470573425293,0.1754000037908554,,
,20125,,,2.9999999999999997e-05,,,,
115,20149,0.029514474794268608,0.98828125,,,,,
115,20199,0.014029450714588165,0.99609375,,,,,
115,20249,0.007340371608734131,1.0,,,,,
115,20299,0.025155097246170044,0.99609375,,,,,
115,20299,,,,6.549102783203125,0.17659999430179596,,
,20300,,,2.9999999999999997e-05,,,,
116,20349,0.003107486292719841,1.0,,,,,
116,20399,0.011842618696391582,0.99609375,,,,,
116,20449,0.03076857700943947,0.98828125,,,,,
116,20474,,,,6.546529769897461,0.17499999701976776,,
,20475,,,2.9999999999999997e-05,,,,
117,20499,0.02187497727572918,0.98828125,,,,,
117,20549,0.031826045364141464,0.98828125,,,,,
117,20599,0.025390809401869774,0.98828125,,,,,
117,20649,0.01290120929479599,0.9921875,,,,,
117,20649,,,,6.559309482574463,0.17560000717639923,,
,20650,,,2.9999999999999997e-05,,,,
118,20699,0.017398163676261902,0.9921875,,,,,
118,20749,0.0487540140748024,0.984375,,,,,
118,20799,0.008002298884093761,0.99609375,,,,,
118,20824,,,,6.698344707489014,0.17759999632835388,,
,20825,,,2.9999999999999997e-05,,,,
119,20849,0.010644945316016674,0.99609375,,,,,
119,20899,0.008709143847227097,0.99609375,,,,,
119,20949,0.054653458297252655,0.984375,,,,,
119,20999,0.016539687290787697,0.98828125,,,,,
119,20999,,,,6.691439628601074,0.17399999499320984,,
,21000,,,2.9999999999999997e-05,,,,
120,21049,0.008051041513681412,1.0,,,,,
120,21099,0.03452904522418976,0.98828125,,,,,
120,21149,0.009277302771806717,0.99609375,,,,,
120,21174,,,,6.617895126342773,0.1728000044822693,,
,21175,,,2.9999999999999997e-05,,,,
121,21199,0.0337420254945755,0.98828125,,,,,
121,21249,0.029321815818548203,0.9921875,,,,,
121,21299,0.004979478195309639,1.0,,,,,
121,21349,0.009380033239722252,1.0,,,,,
121,21349,,,,6.702045917510986,0.17579999566078186,,
,21350,,,2.9999999999999997e-05,,,,
122,21399,0.014038237743079662,0.9921875,,,,,
122,21449,0.011905851773917675,0.99609375,,,,,
122,21499,0.008608448319137096,1.0,,,,,
122,21524,,,,6.589977264404297,0.17679999768733978,,
,21525,,,2.9999999999999997e-05,,,,
123,21549,0.029032027348876,0.984375,,,,,
123,21599,0.019249536097049713,0.99609375,,,,,
123,21649,0.006143870763480663,1.0,,,,,
123,21699,0.015320836566388607,0.99609375,,,,,
123,21699,,,,6.6252546310424805,0.1754000037908554,,
,21700,,,2.9999999999999997e-05,,,,
124,21749,0.0026443663518875837,1.0,,,,,
124,21799,0.01782948337495327,0.99609375,,,,,
124,21849,0.02296595089137554,0.99609375,,,,,
124,21874,,,,6.666827201843262,0.17579999566078186,,
,21875,,,2.9999999999999997e-05,,,,
125,21899,0.0071027460508048534,1.0,,,,,
125,21949,0.027194635942578316,0.9921875,,,,,
125,21999,0.0048442864790558815,1.0,,,,,
125,22049,0.01473255269229412,1.0,,,,,
125,22049,,,,6.7609357833862305,0.17520000040531158,,
,22050,,,2.9999999999999997e-05,,,,
126,22099,0.026393357664346695,0.9921875,,,,,
126,22149,0.036229122430086136,0.98828125,,,,,
126,22199,0.00465882383286953,1.0,,,,,
126,22224,,,,6.829001426696777,0.1777999997138977,,
,22225,,,2.9999999999999997e-05,,,,
127,22249,0.010283542796969414,1.0,,,,,
127,22299,0.011658408679068089,1.0,,,,,
127,22349,0.004830042831599712,1.0,,,,,
127,22399,0.04681505262851715,0.9765625,,,,,
127,22399,,,,6.845991611480713,0.17900000512599945,,
,22400,,,2.9999999999999997e-05,,,,
128,22449,0.016751475632190704,0.9921875,,,,,
128,22499,0.006031305994838476,1.0,,,,,
128,22549,0.008308530785143375,1.0,,,,,
128,22574,,,,6.8355712890625,0.17399999499320984,,
,22575,,,2.9999999999999997e-05,,,,
129,22599,0.008512919768691063,1.0,,,,,
129,22649,0.009569513611495495,1.0,,,,,
129,22699,0.005367942154407501,1.0,,,,,
129,22749,0.01725783571600914,0.99609375,,,,,
129,22749,,,,6.816113471984863,0.17139999568462372,,
,22750,,,2.9999999999999997e-05,,,,
130,22799,0.004771988373249769,1.0,,,,,
130,22849,0.010598103515803814,0.99609375,,,,,
130,22899,0.029142340645194054,0.99609375,,,,,
130,22924,,,,6.893162727355957,0.1728000044822693,,
,22925,,,2.9999999999999997e-05,,,,
131,22949,0.006571453530341387,0.99609375,,,,,
131,22999,0.017997393384575844,0.99609375,,,,,
131,23049,0.008238786831498146,1.0,,,,,
131,23099,0.013646334409713745,0.9921875,,,,,
131,23099,,,,6.877389907836914,0.17499999701976776,,
,23100,,,2.9999999999999997e-05,,,,
132,23149,0.004327581264078617,1.0,,,,,
132,23199,0.018988661468029022,0.99609375,,,,,
132,23249,0.005681043025106192,1.0,,,,,
132,23274,,,,6.875082015991211,0.17399999499320984,,
,23275,,,2.9999999999999997e-05,,,,
133,23299,0.022968655452132225,0.9921875,,,,,
133,23349,0.011813925579190254,0.9921875,,,,,
133,23399,0.006516824942082167,1.0,,,,,
133,23449,0.011014685034751892,0.9921875,,,,,
133,23449,,,,6.7933197021484375,0.17440000176429749,,
,23450,,,2.9999999999999997e-05,,,,
134,23499,0.006148606538772583,1.0,,,,,
134,23549,0.022411195561289787,0.9921875,,,,,
134,23599,0.01194668561220169,0.9921875,,,,,
134,23624,,,,6.881924152374268,0.17560000717639923,,
,23625,,,2.9999999999999997e-05,,,,
135,23649,0.023527679964900017,0.99609375,,,,,
135,23699,0.008767994120717049,1.0,,,,,
135,23749,0.011317215859889984,0.99609375,,,,,
135,23799,0.007363936398178339,1.0,,,,,
135,23799,,,,6.9004740715026855,0.1746000051498413,,
,23800,,,2.9999999999999997e-05,,,,
136,23849,0.001310292398557067,1.0,,,,,
136,23899,0.01876450516283512,0.9921875,,,,,
136,23949,0.04046555608510971,0.98828125,,,,,
136,23974,,,,6.858270168304443,0.1736000031232834,,
,23975,,,2.9999999999999997e-05,,,,
137,23999,0.015009956434369087,0.9921875,,,,,
137,24049,0.006206647027283907,1.0,,,,,
137,24099,0.035404421389102936,0.984375,,,,,
137,24149,0.014458936639130116,0.9921875,,,,,
137,24149,,,,6.838025093078613,0.17499999701976776,,
,24150,,,2.9999999999999997e-05,,,,
138,24199,0.0047460319474339485,1.0,,,,,
138,24249,0.005450201220810413,1.0,,,,,
138,24299,0.024171752855181694,0.9921875,,,,,
138,24324,,,,6.932729721069336,0.17159999907016754,,
,24325,,,2.9999999999999997e-05,,,,
139,24349,0.008314690552651882,1.0,,,,,
139,24399,0.005485772620886564,1.0,,,,,
139,24449,0.0033964889589697123,1.0,,,,,
139,24499,0.008430457673966885,0.99609375,,,,,
139,24499,,,,6.888695240020752,0.1736000031232834,,
,24500,,,2.9999999999999997e-05,,,,
140,24549,0.00632074661552906,1.0,,,,,
140,24599,0.010274556465446949,0.99609375,,,,,
140,24649,0.007005560211837292,0.99609375,,,,,
140,24674,,,,6.872282981872559,0.1738000065088272,,
,24675,,,2.9999999999999997e-05,,,,
141,24699,0.02709338255226612,0.984375,,,,,
141,24749,0.020734945312142372,0.9921875,,,,,
141,24799,0.019956443458795547,0.98828125,,,,,
141,24849,0.03627965599298477,0.98828125,,,,,
141,24849,,,,6.996445178985596,0.17599999904632568,,
,24850,,,2.9999999999999997e-05,,,,
142,24899,0.0074967145919799805,0.99609375,,,,,
142,24949,0.00781310349702835,0.99609375,,,,,
142,24999,0.006372841540724039,1.0,,,,,
142,25024,,,,6.987762451171875,0.17739999294281006,,
,25025,,,2.9999999999999997e-05,,,,
143,25049,0.0026847103144973516,1.0,,,,,
143,25099,0.01394972950220108,0.99609375,,,,,
143,25149,0.015199543908238411,0.9921875,,,,,
143,25199,0.003189298091456294,1.0,,,,,
143,25199,,,,7.048693656921387,0.17759999632835388,,
,25200,,,2.9999999999999997e-05,,,,
144,25249,0.007312547415494919,0.99609375,,,,,
144,25299,0.005290258210152388,1.0,,,,,
144,25349,0.00658154021948576,1.0,,,,,
144,25374,,,,7.123317241668701,0.17499999701976776,,
,25375,,,2.9999999999999997e-05,,,,
145,25399,0.006334385834634304,1.0,,,,,
145,25449,0.009892856702208519,1.0,,,,,
145,25499,0.03977831080555916,0.984375,,,,,
145,25549,0.004022702574729919,1.0,,,,,
145,25549,,,,7.145233631134033,0.17520000040531158,,
,25550,,,2.9999999999999997e-05,,,,
146,25599,0.008562139235436916,1.0,,,,,
146,25649,0.012923365458846092,0.99609375,,,,,
146,25699,0.0024771986063569784,1.0,,,,,
146,25724,,,,7.13612174987793,0.1770000010728836,,
,25725,,,2.9999999999999997e-05,,,,
147,25749,0.011879600584506989,0.99609375,,,,,
147,25799,0.018947415053844452,0.99609375,,,,,
147,25849,0.012722557410597801,0.99609375,,,,,
147,25899,0.004904409404844046,1.0,,,,,
147,25899,,,,7.115514278411865,0.1754000037908554,,
,25900,,,2.9999999999999997e-05,,,,
148,25949,0.006214465014636517,1.0,,,,,
148,25999,0.004562807269394398,1.0,,,,,
148,26049,0.013025747612118721,0.9921875,,,,,
148,26074,,,,7.138518810272217,0.17260000109672546,,
,26075,,,2.9999999999999997e-05,,,,
149,26099,0.0037995867896825075,1.0,,,,,
149,26149,0.0107030114158988,0.99609375,,,,,
149,26199,0.014189649373292923,0.99609375,,,,,
149,26249,0.005132811609655619,1.0,,,,,
149,26249,,,,7.145413875579834,0.17399999499320984,,
,26250,,,3e-06,,,,
150,26299,0.014015594497323036,0.9921875,,,,,
150,26349,0.016092708334326744,0.99609375,,,,,
150,26399,0.005841976962983608,0.99609375,,,,,
150,26424,,,,7.136071681976318,0.17520000040531158,,
,26425,,,3e-06,,,,
151,26449,0.0064157540909945965,1.0,,,,,
151,26499,0.0028231628239154816,1.0,,,,,
151,26549,0.010259045287966728,0.99609375,,,,,
151,26599,0.008404368534684181,0.99609375,,,,,
151,26599,,,,7.131199359893799,0.17599999904632568,,
,26600,,,3e-06,,,,
152,26649,0.01518208533525467,0.9921875,,,,,
152,26699,0.016740115359425545,0.99609375,,,,,
152,26749,0.00501397205516696,1.0,,,,,
152,26774,,,,7.144268035888672,0.17339999973773956,,
,26775,,,3e-06,,,,
153,26799,0.008123070001602173,0.99609375,,,,,
153,26849,0.005568120162934065,1.0,,,,,
153,26899,0.01352984644472599,0.99609375,,,,,
153,26949,0.006411554291844368,0.99609375,,,,,
153,26949,,,,7.148088455200195,0.17419999837875366,,
,26950,,,3e-06,,,,
154,26999,0.007551618851721287,1.0,,,,,
154,27049,0.014270794577896595,0.99609375,,,,,
154,27099,0.002463403856381774,1.0,,,,,
154,27124,,,,7.15446662902832,0.17399999499320984,,
,27125,,,3e-06,,,,
155,27149,0.006650127936154604,1.0,,,,,
155,27199,0.0011440610978752375,1.0,,,,,
155,27249,0.00364746805280447,1.0,,,,,
155,27299,0.011700168251991272,0.99609375,,,,,
155,27299,,,,7.172163963317871,0.17339999973773956,,
,27300,,,3e-06,,,,
156,27349,0.012133735232055187,0.99609375,,,,,
156,27399,0.015132160857319832,0.99609375,,,,,
156,27449,0.006601820234209299,1.0,,,,,
156,27474,,,,7.172904014587402,0.17399999499320984,,
,27475,,,3e-06,,,,
157,27499,0.008493761532008648,0.99609375,,,,,
157,27549,0.01945330947637558,0.98828125,,,,,
157,27599,0.004053860437124968,1.0,,,,,
157,27649,0.00530101265758276,1.0,,,,,
157,27649,,,,7.173672676086426,0.17419999837875366,,
,27650,,,3e-06,,,,
158,27699,0.006799659691751003,0.99609375,,,,,
158,27749,0.010594593361020088,0.99609375,,,,,
158,27799,0.004724196158349514,1.0,,,,,
158,27824,,,,7.169552326202393,0.17319999635219574,,
,27825,,,3e-06,,,,
159,27849,0.005034455563873053,1.0,,,,,
159,27899,0.007084873970597982,1.0,,,,,
159,27949,0.005909918341785669,0.99609375,,,,,
159,27999,0.0024152447003871202,1.0,,,,,
159,27999,,,,7.174181938171387,0.1738000065088272,,
,28000,,,3e-06,,,,
160,28049,0.003392544575035572,1.0,,,,,
160,28099,0.005857462994754314,1.0,,,,,
160,28149,0.005322321783751249,1.0,,,,,
160,28174,,,,7.189414024353027,0.1736000031232834,,
,28175,,,3e-06,,,,
161,28199,0.011094936169683933,0.99609375,,,,,
161,28249,0.007055787835270166,1.0,,,,,
161,28299,0.0035345926880836487,1.0,,,,,
161,28349,0.01219160482287407,0.99609375,,,,,
161,28349,,,,7.214950084686279,0.17440000176429749,,
,28350,,,3e-06,,,,
162,28399,0.0029593966901302338,1.0,,,,,
162,28449,0.011121915653347969,0.99609375,,,,,
162,28499,0.004126673098653555,1.0,,,,,
162,28524,,,,7.194828987121582,0.17440000176429749,,
,28525,,,3e-06,,,,
163,28549,0.0036074419040232897,1.0,,,,,
163,28599,0.01941823400557041,0.99609375,,,,,
163,28649,0.0021040085703134537,1.0,,,,,
163,28699,0.0019385633058845997,1.0,,,,,
163,28699,,,,7.199544429779053,0.1746000051498413,,
,28700,,,3e-06,,,,
164,28749,0.01365194283425808,0.99609375,,,,,
164,28799,0.002756215864792466,1.0,,,,,
164,28849,0.015976551920175552,0.9921875,,,,,
164,28874,,,,7.196795463562012,0.17319999635219574,,
,28875,,,3e-06,,,,
165,28899,0.016623955219984055,0.99609375,,,,,
165,28949,0.0027210551779717207,1.0,,,,,
165,28999,0.003775211749598384,1.0,,,,,
165,29049,0.015415132977068424,0.99609375,,,,,
165,29049,,,,7.203989028930664,0.17440000176429749,,
,29050,,,3e-06,,,,
166,29099,0.004506474826484919,1.0,,,,,
166,29149,0.0036977671552449465,1.0,,,,,
166,29199,0.013386477716267109,0.9921875,,,,,
166,29224,,,,7.213493824005127,0.1736000031232834,,
,29225,,,3e-06,,,,
167,29249,0.004582937341183424,1.0,,,,,
167,29299,0.0032321468461304903,1.0,,,,,
167,29349,0.014566133730113506,0.9921875,,,,,
167,29399,0.020940406247973442,0.99609375,,,,,
167,29399,,,,7.207182884216309,0.17520000040531158,,
,29400,,,3e-06,,,,
168,29449,0.007810236420482397,1.0,,,,,
168,29499,0.00646588858217001,0.99609375,,,,,
168,29549,0.0028342565055936575,1.0,,,,,
168,29574,,,,7.213179111480713,0.1736000031232834,,
,29575,,,3e-06,,,,
169,29599,0.008985080756247044,0.99609375,,,,,
169,29649,0.011379605159163475,0.99609375,,,,,
169,29699,0.027492409572005272,0.99609375,,,,,
169,29749,0.0036409723106771708,1.0,,,,,
169,29749,,,,7.194972038269043,0.1738000065088272,,
,29750,,,3e-06,,,,
170,29799,0.028159495443105698,0.9921875,,,,,
170,29849,0.005720422603189945,1.0,,,,,
170,29899,0.016337677836418152,0.9921875,,,,,
170,29924,,,,7.2106242179870605,0.17479999363422394,,
,29925,,,3e-06,,,,
171,29949,0.00848742388188839,0.99609375,,,,,
171,29999,0.006280433386564255,1.0,,,,,
171,30049,0.0033274975139647722,1.0,,,,,
171,30099,0.0038116397336125374,1.0,,,,,
171,30099,,,,7.220822811126709,0.17419999837875366,,
,30100,,,3e-06,,,,
172,30149,0.004068606533110142,1.0,,,,,
172,30199,0.00716170622035861,0.99609375,,,,,
172,30249,0.002830557059496641,1.0,,,,,
172,30274,,,,7.224092960357666,0.1738000065088272,,
,30275,,,3e-06,,,,
173,30299,0.013211689889431,0.99609375,,,,,
173,30349,0.0092803118750453,0.99609375,,,,,
173,30399,0.007694562431424856,0.99609375,,,,,
173,30449,0.0077097974717617035,1.0,,,,,
173,30449,,,,7.220200061798096,0.17319999635219574,,
,30450,,,3e-06,,,,
174,30499,0.010428844951093197,0.99609375,,,,,
174,30549,0.004034919664263725,1.0,,,,,
174,30599,0.0010193389607593417,1.0,,,,,
174,30624,,,,7.224724769592285,0.17440000176429749,,
,30625,,,3e-06,,,,
175,30649,0.005221528932452202,1.0,,,,,
175,30699,0.018792742863297462,0.9921875,,,,,
175,30749,0.0027473943773657084,1.0,,,,,
175,30799,0.021687185391783714,0.99609375,,,,,
175,30799,,,,7.241232872009277,0.17299999296665192,,
,30800,,,3e-06,,,,
176,30849,0.0016171276802197099,1.0,,,,,
176,30899,0.027181476354599,0.98828125,,,,,
176,30949,0.019332336261868477,0.9921875,,,,,
176,30974,,,,7.240816593170166,0.1720000058412552,,
,30975,,,3e-06,,,,
177,30999,0.010144569911062717,0.9921875,,,,,
177,31049,0.0018044018652290106,1.0,,,,,
177,31099,0.005025453865528107,0.99609375,,,,,
177,31149,0.0013377504656091332,1.0,,,,,
177,31149,,,,7.229936599731445,0.1736000031232834,,
,31150,,,3e-06,,,,
178,31199,0.0024503874592483044,1.0,,,,,
178,31249,0.005919732619076967,1.0,,,,,
178,31299,0.005577561445534229,0.99609375,,,,,
178,31324,,,,7.262607097625732,0.17260000109672546,,
,31325,,,3e-06,,,,
179,31349,0.0012327345320954919,1.0,,,,,
179,31399,0.012594008818268776,0.99609375,,,,,
179,31449,0.002742574317380786,1.0,,,,,
179,31499,0.003040650160983205,1.0,,,,,
179,31499,,,,7.249271869659424,0.17260000109672546,,
180,31500,,,,,,2.839529514312744,0.18520000576972961
180,31500,,,,,,2.8334131240844727,0.19429999589920044
