epoch,train_acc,step,lr-AdamW,train_loss,val_loss,val_acc,test_acc,test_loss
,,0,0.0003,,,,,
0,0.265625,49,,2.0616888999938965,,,,
0,0.296875,99,,1.836687445640564,,,,
0,0.390625,149,,1.656469464302063,,,,
0,0.453125,199,,1.512556552886963,,,,
0,0.3828125,249,,1.6910592317581177,,,,
0,0.453125,299,,1.4862903356552124,,,,
0,0.5234375,349,,1.3656749725341797,,,,
0,,350,,,1.4290891885757446,0.4950000047683716,,
,,351,0.0003,,,,,
1,0.5703125,399,,1.2426434755325317,,,,
1,0.5859375,449,,1.2417738437652588,,,,
1,0.484375,499,,1.3219249248504639,,,,
1,0.546875,549,,1.280441403388977,,,,
1,0.5078125,599,,1.3104565143585205,,,,
1,0.53125,649,,1.278549313545227,,,,
1,0.484375,699,,1.3493151664733887,,,,
1,,701,,,1.209865689277649,0.5631999969482422,,
,,702,0.0003,,,,,
2,0.5390625,749,,1.225324273109436,,,,
2,0.53125,799,,1.281991958618164,,,,
2,0.5546875,849,,1.2303515672683716,,,,
2,0.6015625,899,,1.199452519416809,,,,
2,0.515625,949,,1.1487529277801514,,,,
2,0.5390625,999,,1.2907878160476685,,,,
2,0.5546875,1049,,1.1749452352523804,,,,
2,,1052,,,1.1845488548278809,0.5770000219345093,,
,,1053,0.0003,,,,,
3,0.5859375,1099,,1.0403950214385986,,,,
3,0.6015625,1149,,1.1953016519546509,,,,
3,0.59375,1199,,1.1714004278182983,,,,
3,0.5859375,1249,,1.1644129753112793,,,,
3,0.59375,1299,,1.0889313220977783,,,,
3,0.609375,1349,,1.1390467882156372,,,,
3,0.546875,1399,,1.1299159526824951,,,,
3,,1403,,,1.1196454763412476,0.6011999845504761,,
,,1404,0.0003,,,,,
4,0.59375,1449,,1.1137257814407349,,,,
4,0.625,1499,,1.1899769306182861,,,,
4,0.6484375,1549,,1.0323010683059692,,,,
4,0.59375,1599,,1.0417648553848267,,,,
4,0.6328125,1649,,1.0689798593521118,,,,
4,0.6328125,1699,,1.1612190008163452,,,,
4,0.640625,1749,,1.1437569856643677,,,,
4,,1754,,,1.0456174612045288,0.620199978351593,,
,,1755,0.0003,,,,,
5,0.5234375,1799,,1.2739418745040894,,,,
5,0.5703125,1849,,1.2127289772033691,,,,
5,0.7421875,1899,,0.7780591249465942,,,,
5,0.65625,1949,,0.9306241869926453,,,,
5,0.6171875,1999,,1.0275267362594604,,,,
5,0.6015625,2049,,1.075480580329895,,,,
5,0.671875,2099,,0.9585978388786316,,,,
5,,2105,,,1.0323941707611084,0.6444000005722046,,
,,2106,0.0003,,,,,
6,0.6171875,2149,,1.0372847318649292,,,,
6,0.6796875,2199,,0.9508434534072876,,,,
6,0.671875,2249,,0.9402599334716797,,,,
6,0.609375,2299,,0.989697277545929,,,,
6,0.6953125,2349,,0.8782733082771301,,,,
6,0.6953125,2399,,0.8618990778923035,,,,
6,0.65625,2449,,0.9406992197036743,,,,
6,,2456,,,0.9964816570281982,0.6466000080108643,,
,,2457,0.0003,,,,,
7,0.59375,2499,,1.09476900100708,,,,
7,0.6484375,2549,,1.0222272872924805,,,,
7,0.640625,2599,,0.8946886658668518,,,,
7,0.671875,2649,,0.8110391497612,,,,
7,0.6953125,2699,,0.8146880269050598,,,,
7,0.7109375,2749,,0.892971932888031,,,,
7,0.7421875,2799,,0.9137345552444458,,,,
7,,2807,,,0.9685313701629639,0.6615999937057495,,
,,2808,0.0003,,,,,
8,0.65625,2849,,0.9239796996116638,,,,
8,0.7109375,2899,,0.7680342793464661,,,,
8,0.65625,2949,,0.9946210980415344,,,,
8,0.6875,2999,,0.9482569694519043,,,,
8,0.6875,3049,,0.8819711208343506,,,,
8,0.7578125,3099,,0.7725507616996765,,,,
8,0.6328125,3149,,0.9023749828338623,,,,
8,,3158,,,0.9583534002304077,0.6647999882698059,,
,,3159,0.0003,,,,,
9,0.6875,3199,,0.8420027494430542,,,,
9,0.6640625,3249,,0.9634770750999451,,,,
9,0.671875,3299,,0.9670982360839844,,,,
9,0.6953125,3349,,0.9375132322311401,,,,
9,0.7734375,3399,,0.7293207049369812,,,,
9,0.5546875,3449,,1.151939034461975,,,,
9,0.6484375,3499,,0.9722228050231934,,,,
9,,3509,,,0.9211095571517944,0.6761999726295471,,
,,3510,0.0003,,,,,
10,0.7109375,3549,,0.7879478931427002,,,,
10,0.78125,3599,,0.6718389391899109,,,,
10,0.765625,3649,,0.7271194458007812,,,,
10,0.71875,3699,,0.833405077457428,,,,
10,0.6875,3749,,0.8437667489051819,,,,
10,0.7109375,3799,,0.8544342517852783,,,,
10,0.65625,3849,,0.8566420078277588,,,,
10,,3860,,,0.9430288076400757,0.6732000112533569,,
,,3861,0.0003,,,,,
11,0.734375,3899,,0.8053154349327087,,,,
11,0.734375,3949,,0.7471063137054443,,,,
11,0.71875,3999,,0.8599084615707397,,,,
11,0.703125,4049,,0.8913136720657349,,,,
11,0.7109375,4099,,0.7989742159843445,,,,
11,0.6875,4149,,0.9223673343658447,,,,
11,0.703125,4199,,0.8269070982933044,,,,
11,,4211,,,0.940940260887146,0.6687999963760376,,
,,4212,0.0003,,,,,
12,0.703125,4249,,0.957123875617981,,,,
12,0.6953125,4299,,0.876266598701477,,,,
12,0.6796875,4349,,0.7822054028511047,,,,
12,0.7265625,4399,,0.7118002772331238,,,,
12,0.7734375,4449,,0.7064787149429321,,,,
12,0.6796875,4499,,0.9401316046714783,,,,
12,0.7578125,4549,,0.7666874527931213,,,,
12,,4562,,,0.930924117565155,0.6791999936103821,,
,,4563,0.0003,,,,,
13,0.734375,4599,,0.7943934202194214,,,,
13,0.71875,4649,,0.8707452416419983,,,,
13,0.6953125,4699,,0.9012618064880371,,,,
13,0.71875,4749,,0.7389143705368042,,,,
13,0.703125,4799,,0.7445299029350281,,,,
13,0.7890625,4849,,0.665101170539856,,,,
13,0.6640625,4899,,0.9316008687019348,,,,
13,,4913,,,0.8469052910804749,0.7024000287055969,,
,,4914,0.0003,,,,,
14,0.65625,4949,,0.8628726005554199,,,,
14,0.65625,4999,,0.9378063082695007,,,,
14,0.7109375,5049,,0.8054215312004089,,,,
14,0.765625,5099,,0.749066948890686,,,,
14,0.7421875,5149,,0.807003915309906,,,,
14,0.7421875,5199,,0.812395453453064,,,,
14,0.71875,5249,,0.7804791927337646,,,,
14,,5264,,,0.8687378168106079,0.6880000233650208,,
,,5265,0.0003,,,,,
15,0.78125,5299,,0.6300866603851318,,,,
15,0.7109375,5349,,0.7152079939842224,,,,
15,0.6953125,5399,,0.8296692371368408,,,,
15,0.75,5449,,0.6846132278442383,,,,
15,0.6953125,5499,,0.8954712748527527,,,,
15,0.7109375,5549,,0.7977851033210754,,,,
15,0.703125,5599,,0.8909870386123657,,,,
15,,5615,,,0.8345222473144531,0.7031999826431274,,
,,5616,0.0003,,,,,
16,0.7109375,5649,,0.8264203071594238,,,,
16,0.7265625,5699,,0.7846485376358032,,,,
16,0.75,5749,,0.7314779758453369,,,,
16,0.765625,5799,,0.7250465750694275,,,,
16,0.75,5849,,0.7220144271850586,,,,
16,0.6640625,5899,,0.9183920621871948,,,,
16,0.7265625,5949,,0.752234160900116,,,,
16,,5966,,,0.8731216788291931,0.6926000118255615,,
,,5967,0.0003,,,,,
17,0.6953125,5999,,0.833411455154419,,,,
17,0.6953125,6049,,0.8046445846557617,,,,
17,0.765625,6099,,0.6572820544242859,,,,
17,0.75,6149,,0.7155370116233826,,,,
17,0.734375,6199,,0.7752941846847534,,,,
17,0.7734375,6249,,0.6369460821151733,,,,
17,0.7578125,6299,,0.6955610513687134,,,,
17,,6317,,,0.8267072439193726,0.7156000137329102,,
,,6318,0.0003,,,,,
18,0.71875,6349,,0.6982653141021729,,,,
18,0.7890625,6399,,0.676782488822937,,,,
18,0.703125,6449,,0.7899546027183533,,,,
18,0.7421875,6499,,0.6441666483879089,,,,
18,0.7265625,6549,,0.7976455688476562,,,,
18,0.7421875,6599,,0.8731235265731812,,,,
18,0.765625,6649,,0.6609172224998474,,,,
18,,6668,,,0.8168219923973083,0.7192000150680542,,
,,6669,0.0003,,,,,
19,0.7734375,6699,,0.6983290910720825,,,,
19,0.734375,6749,,0.7124507427215576,,,,
19,0.6875,6799,,0.8256378173828125,,,,
19,0.796875,6849,,0.5627443790435791,,,,
19,0.7890625,6899,,0.5371735095977783,,,,
19,0.7109375,6949,,0.7880818843841553,,,,
19,0.7265625,6999,,0.7671201229095459,,,,
19,,7019,,,0.7980597615242004,0.7193999886512756,,
,,7020,0.0003,,,,,
20,0.78125,7049,,0.677978515625,,,,
20,0.734375,7099,,0.6775608658790588,,,,
20,0.7265625,7149,,0.7222742438316345,,,,
20,0.71875,7199,,0.7650802731513977,,,,
20,0.8046875,7249,,0.5546314716339111,,,,
20,0.7734375,7299,,0.5688247680664062,,,,
20,0.7578125,7349,,0.7012414336204529,,,,
20,,7370,,,0.8368875980377197,0.7116000056266785,,
,,7371,0.0003,,,,,
21,0.8125,7399,,0.5223948359489441,,,,
21,0.7578125,7449,,0.628136157989502,,,,
21,0.7265625,7499,,0.6889018416404724,,,,
21,0.75,7549,,0.6943048238754272,,,,
21,0.796875,7599,,0.5312897562980652,,,,
21,0.8203125,7649,,0.591593861579895,,,,
21,0.796875,7699,,0.6021934747695923,,,,
21,,7721,,,0.7762054204940796,0.7337999939918518,,
,,7722,0.0003,,,,,
22,0.8203125,7749,,0.6200535893440247,,,,
22,0.7421875,7799,,0.7364641427993774,,,,
22,0.8046875,7849,,0.5530232787132263,,,,
22,0.7578125,7899,,0.6473396420478821,,,,
22,0.78125,7949,,0.6246674060821533,,,,
22,0.84375,7999,,0.5991740226745605,,,,
22,0.8046875,8049,,0.6103728413581848,,,,
22,,8072,,,0.7856085300445557,0.7328000068664551,,
,,8073,0.0003,,,,,
23,0.7578125,8099,,0.633452296257019,,,,
23,0.8359375,8149,,0.48990556597709656,,,,
23,0.75,8199,,0.5813987255096436,,,,
23,0.7734375,8249,,0.6347584128379822,,,,
23,0.8046875,8299,,0.5971210598945618,,,,
23,0.7578125,8349,,0.7208881974220276,,,,
23,0.7734375,8399,,0.5604786276817322,,,,
23,,8423,,,0.8035971522331238,0.7268000245094299,,
,,8424,0.0003,,,,,
24,0.703125,8449,,0.7585306167602539,,,,
24,0.7421875,8499,,0.5862770080566406,,,,
24,0.7734375,8549,,0.5746794939041138,,,,
24,0.8125,8599,,0.5345299243927002,,,,
24,0.796875,8649,,0.5566564202308655,,,,
24,0.7578125,8699,,0.7318170070648193,,,,
24,0.75,8749,,0.6655786633491516,,,,
24,,8774,,,0.7528685927391052,0.734000027179718,,
,,8775,0.0003,,,,,
25,0.7734375,8799,,0.6498556137084961,,,,
25,0.78125,8849,,0.609370768070221,,,,
25,0.796875,8899,,0.5860133767127991,,,,
25,0.8359375,8949,,0.47756218910217285,,,,
25,0.8359375,8999,,0.4805460274219513,,,,
25,0.7265625,9049,,0.7118982672691345,,,,
25,0.84375,9099,,0.5194099545478821,,,,
25,,9125,,,0.8088628053665161,0.7279999852180481,,
,,9126,0.0003,,,,,
26,0.8046875,9149,,0.5717177987098694,,,,
26,0.7109375,9199,,0.7375214099884033,,,,
26,0.796875,9249,,0.5639503002166748,,,,
26,0.859375,9299,,0.4138697683811188,,,,
26,0.7578125,9349,,0.6195130348205566,,,,
26,0.796875,9399,,0.5592712163925171,,,,
26,0.8359375,9449,,0.4802747070789337,,,,
26,,9476,,,0.7811146974563599,0.7360000014305115,,
,,9477,0.0003,,,,,
27,0.859375,9499,,0.4249400198459625,,,,
27,0.7578125,9549,,0.574073314666748,,,,
27,0.828125,9599,,0.5273478627204895,,,,
27,0.84375,9649,,0.4750335216522217,,,,
27,0.7578125,9699,,0.59524005651474,,,,
27,0.8671875,9749,,0.40903836488723755,,,,
27,0.75,9799,,0.7131984829902649,,,,
27,,9827,,,0.7910037636756897,0.7355999946594238,,
,,9828,0.0003,,,,,
28,0.8125,9849,,0.5221401453018188,,,,
28,0.7734375,9899,,0.658561646938324,,,,
28,0.78125,9949,,0.6331204175949097,,,,
28,0.859375,9999,,0.3927425742149353,,,,
28,0.8359375,10049,,0.48182931542396545,,,,
28,0.8515625,10099,,0.5080347657203674,,,,
28,0.8125,10149,,0.6492052674293518,,,,
28,,10178,,,0.7586060762405396,0.7490000128746033,,
,,10179,0.0003,,,,,
29,0.8046875,10199,,0.560218334197998,,,,
29,0.796875,10249,,0.5374875664710999,,,,
29,0.8203125,10299,,0.5841822624206543,,,,
29,0.8125,10349,,0.5251140594482422,,,,
29,0.8203125,10399,,0.4698933959007263,,,,
29,0.8671875,10449,,0.40873873233795166,,,,
29,0.8515625,10499,,0.45108285546302795,,,,
29,,10529,,,0.7693828344345093,0.7429999709129333,,
,,10530,0.0003,,,,,
30,0.8359375,10549,,0.43064871430397034,,,,
30,0.859375,10599,,0.3768705725669861,,,,
30,0.84375,10649,,0.45567435026168823,,,,
30,0.8359375,10699,,0.4683450758457184,,,,
30,0.8125,10749,,0.45708924531936646,,,,
30,0.8203125,10799,,0.5403795838356018,,,,
30,0.828125,10849,,0.560615599155426,,,,
30,,10880,,,0.7585342526435852,0.7468000054359436,,
,,10881,0.0003,,,,,
31,0.8359375,10899,,0.41965824365615845,,,,
31,0.875,10949,,0.34930047392845154,,,,
31,0.84375,10999,,0.41126710176467896,,,,
31,0.8046875,11049,,0.5689928531646729,,,,
31,0.7890625,11099,,0.5327524542808533,,,,
31,0.7578125,11149,,0.6461369395256042,,,,
31,0.8125,11199,,0.5594680905342102,,,,
31,,11231,,,0.7418593764305115,0.7490000128746033,,
,,11232,0.0003,,,,,
32,0.8671875,11249,,0.4423011839389801,,,,
32,0.8203125,11299,,0.5284936428070068,,,,
32,0.859375,11349,,0.39869165420532227,,,,
32,0.8203125,11399,,0.4764660596847534,,,,
32,0.78125,11449,,0.4867491126060486,,,,
32,0.8984375,11499,,0.35630688071250916,,,,
32,0.828125,11549,,0.5210384726524353,,,,
32,,11582,,,0.7939298152923584,0.7350000143051147,,
,,11583,0.0003,,,,,
33,0.875,11599,,0.3759750723838806,,,,
33,0.7421875,11649,,0.6358083486557007,,,,
33,0.78125,11699,,0.5489611029624939,,,,
33,0.8125,11749,,0.5261384844779968,,,,
33,0.7734375,11799,,0.5553176403045654,,,,
33,0.8203125,11849,,0.5093826055526733,,,,
33,0.8125,11899,,0.49176257848739624,,,,
33,,11933,,,0.7732986807823181,0.7472000122070312,,
,,11934,0.0003,,,,,
34,0.8515625,11949,,0.40917888283729553,,,,
34,0.8046875,11999,,0.539533793926239,,,,
34,0.9296875,12049,,0.2702862322330475,,,,
34,0.8671875,12099,,0.3806745111942291,,,,
34,0.875,12149,,0.3578201234340668,,,,
34,0.84375,12199,,0.4562446177005768,,,,
34,0.8359375,12249,,0.46392822265625,,,,
34,,12284,,,0.736697793006897,0.7595999836921692,,
,,12285,0.0003,,,,,
35,0.8828125,12299,,0.3341044783592224,,,,
35,0.8671875,12349,,0.36116763949394226,,,,
35,0.90625,12399,,0.31360816955566406,,,,
35,0.8359375,12449,,0.4434032142162323,,,,
35,0.8203125,12499,,0.47542256116867065,,,,
35,0.8359375,12549,,0.49380847811698914,,,,
35,0.78125,12599,,0.545504093170166,,,,
35,,12635,,,0.7652298808097839,0.7522000074386597,,
,,12636,0.0003,,,,,
36,0.9140625,12649,,0.28411489725112915,,,,
36,0.8203125,12699,,0.46636345982551575,,,,
36,0.8515625,12749,,0.46056100726127625,,,,
36,0.8359375,12799,,0.4726654291152954,,,,
36,0.8828125,12849,,0.3914507031440735,,,,
36,0.8125,12899,,0.5346165895462036,,,,
36,0.8515625,12949,,0.4134257137775421,,,,
36,,12986,,,0.772222638130188,0.7440000176429749,,
,,12987,0.0003,,,,,
37,0.9140625,12999,,0.3479357957839966,,,,
37,0.8984375,13049,,0.32290762662887573,,,,
37,0.8515625,13099,,0.44749531149864197,,,,
37,0.8125,13149,,0.4310678541660309,,,,
37,0.7734375,13199,,0.5706152319908142,,,,
37,0.8046875,13249,,0.4254996180534363,,,,
37,0.859375,13299,,0.4044313132762909,,,,
37,,13337,,,0.7930827140808105,0.7465999722480774,,
,,13338,0.0003,,,,,
38,0.8828125,13349,,0.3341081738471985,,,,
38,0.8671875,13399,,0.3182334899902344,,,,
38,0.890625,13449,,0.3127838969230652,,,,
38,0.90625,13499,,0.30266183614730835,,,,
38,0.796875,13549,,0.5015504360198975,,,,
38,0.8828125,13599,,0.38338062167167664,,,,
38,0.859375,13649,,0.4350053668022156,,,,
38,,13688,,,0.7776072025299072,0.7458000183105469,,
,,13689,0.0003,,,,,
39,0.875,13699,,0.3661852478981018,,,,
39,0.8515625,13749,,0.39678749442100525,,,,
39,0.8203125,13799,,0.4203111231327057,,,,
39,0.890625,13849,,0.28135672211647034,,,,
39,0.8359375,13899,,0.3460886478424072,,,,
39,0.8671875,13949,,0.40330204367637634,,,,
39,0.8515625,13999,,0.4711642265319824,,,,
39,,14039,,,0.803215503692627,0.746999979019165,,
,,14040,0.0003,,,,,
40,0.8984375,14049,,0.3429582715034485,,,,
40,0.875,14099,,0.38222748041152954,,,,
40,0.8828125,14149,,0.36175504326820374,,,,
40,0.8203125,14199,,0.4553210139274597,,,,
40,0.8203125,14249,,0.41953352093696594,,,,
40,0.8984375,14299,,0.25901132822036743,,,,
40,0.875,14349,,0.3543488681316376,,,,
40,,14390,,,0.8223627805709839,0.7537999749183655,,
,,14391,0.0003,,,,,
41,0.90625,14399,,0.25966158509254456,,,,
41,0.875,14449,,0.37150976061820984,,,,
41,0.875,14499,,0.31565213203430176,,,,
41,0.859375,14549,,0.41531190276145935,,,,
41,0.8828125,14599,,0.35109975934028625,,,,
41,0.859375,14649,,0.3517792820930481,,,,
41,0.8828125,14699,,0.2980809211730957,,,,
41,,14741,,,0.8062160611152649,0.746999979019165,,
,,14742,0.0003,,,,,
42,0.8984375,14749,,0.32412686944007874,,,,
42,0.859375,14799,,0.3469558656215668,,,,
42,0.7890625,14849,,0.518486738204956,,,,
42,0.921875,14899,,0.25850164890289307,,,,
42,0.8671875,14949,,0.36891743540763855,,,,
42,0.90625,14999,,0.2642578184604645,,,,
42,0.8515625,15049,,0.4316297769546509,,,,
42,,15092,,,0.8208374977111816,0.7498000264167786,,
,,15093,0.0003,,,,,
43,0.8671875,15099,,0.4049842953681946,,,,
43,0.8828125,15149,,0.3795320987701416,,,,
43,0.921875,15199,,0.20417708158493042,,,,
43,0.84375,15249,,0.4271579384803772,,,,
43,0.859375,15299,,0.39441317319869995,,,,
43,0.8359375,15349,,0.39417824149131775,,,,
43,0.921875,15399,,0.20285217463970184,,,,
43,,15443,,,0.7992507219314575,0.7562000155448914,,
,,15444,0.0003,,,,,
44,0.875,15449,,0.38647550344467163,,,,
44,0.9140625,15499,,0.29154151678085327,,,,
44,0.90625,15549,,0.33908161520957947,,,,
44,0.890625,15599,,0.40658414363861084,,,,
44,0.8828125,15649,,0.3444550335407257,,,,
44,0.8984375,15699,,0.3272417187690735,,,,
44,0.921875,15749,,0.29831841588020325,,,,
44,,15794,,,0.8103793263435364,0.7495999932289124,,
,,15795,0.0003,,,,,
45,0.875,15799,,0.2840394973754883,,,,
45,0.8671875,15849,,0.3254562318325043,,,,
45,0.953125,15899,,0.19175687432289124,,,,
45,0.8984375,15949,,0.3324545919895172,,,,
45,0.890625,15999,,0.27343395352363586,,,,
45,0.8671875,16049,,0.37103042006492615,,,,
45,0.84375,16099,,0.4152432680130005,,,,
45,,16145,,,0.8476609587669373,0.754800021648407,,
,,16146,0.0003,,,,,
46,0.90625,16149,,0.25062116980552673,,,,
46,0.890625,16199,,0.3308145999908447,,,,
46,0.8828125,16249,,0.28651630878448486,,,,
46,0.859375,16299,,0.418326735496521,,,,
46,0.9140625,16349,,0.25274065136909485,,,,
46,0.8984375,16399,,0.32886382937431335,,,,
46,0.8984375,16449,,0.34598931670188904,,,,
46,,16496,,,0.8576392531394958,0.7588000297546387,,
,,16497,0.0003,,,,,
47,0.9140625,16499,,0.2169545590877533,,,,
47,0.9296875,16549,,0.2519455850124359,,,,
47,0.828125,16599,,0.44867220520973206,,,,
47,0.890625,16649,,0.33446887135505676,,,,
47,0.8671875,16699,,0.43338072299957275,,,,
47,0.9140625,16749,,0.3026248514652252,,,,
47,0.9296875,16799,,0.2185383290052414,,,,
47,,16847,,,0.8117662668228149,0.7599999904632568,,
,,16848,0.0003,,,,,
48,0.9296875,16849,,0.2066964954137802,,,,
48,0.84375,16899,,0.3560076653957367,,,,
48,0.921875,16949,,0.280574232339859,,,,
48,0.921875,16999,,0.20331045985221863,,,,
48,0.9296875,17049,,0.2028748095035553,,,,
48,0.9140625,17099,,0.24768060445785522,,,,
48,0.8984375,17149,,0.2685752511024475,,,,
48,,17198,,,0.8588815331459045,0.7567999958992004,,
,,17199,0.0003,,,,,
49,0.9140625,17199,,0.25736451148986816,,,,
49,0.9296875,17249,,0.23050206899642944,,,,
49,0.9296875,17299,,0.2877969443798065,,,,
49,0.90625,17349,,0.325960248708725,,,,
49,0.8828125,17399,,0.26991257071495056,,,,
49,0.9140625,17449,,0.3168572187423706,,,,
49,0.9140625,17499,,0.3285687267780304,,,,
49,0.875,17549,,0.3328338861465454,,,,
49,,17549,,,0.8709741234779358,0.7476000189781189,,
,,17550,0.0003,,,,,
50,0.9296875,17599,,0.25030776858329773,,,,
50,0.921875,17649,,0.27623412013053894,,,,
50,0.8984375,17699,,0.2795582115650177,,,,
50,0.8984375,17749,,0.27000075578689575,,,,
50,0.8984375,17799,,0.29278653860092163,,,,
50,0.9296875,17849,,0.22642557322978973,,,,
50,0.953125,17899,,0.191513791680336,,,,
50,,17900,,,0.8489170670509338,0.7522000074386597,,
,,17901,0.0003,,,,,
51,0.8828125,17949,,0.2764430344104767,,,,
51,0.8984375,17999,,0.2625439465045929,,,,
51,0.890625,18049,,0.26404234766960144,,,,
51,0.8984375,18099,,0.3104700446128845,,,,
51,0.8828125,18149,,0.304027259349823,,,,
51,0.890625,18199,,0.3046671152114868,,,,
51,0.9140625,18249,,0.26943477988243103,,,,
51,,18251,,,0.8739590644836426,0.7572000026702881,,
,,18252,0.0003,,,,,
52,0.8984375,18299,,0.29927563667297363,,,,
52,0.828125,18349,,0.36868250370025635,,,,
52,0.9296875,18399,,0.21872006356716156,,,,
52,0.9453125,18449,,0.19394782185554504,,,,
52,0.9296875,18499,,0.18380194902420044,,,,
52,0.921875,18549,,0.25651654601097107,,,,
52,0.9453125,18599,,0.1971912831068039,,,,
52,,18602,,,0.8850209712982178,0.7531999945640564,,
,,18603,0.0003,,,,,
53,0.9140625,18649,,0.2757820188999176,,,,
53,0.9375,18699,,0.19824351370334625,,,,
53,0.90625,18749,,0.29659706354141235,,,,
53,0.9140625,18799,,0.2127564251422882,,,,
53,0.90625,18849,,0.24427461624145508,,,,
53,0.9375,18899,,0.15409031510353088,,,,
53,0.9140625,18949,,0.251054584980011,,,,
53,,18953,,,0.8427038192749023,0.7652000188827515,,
,,18954,0.0003,,,,,
54,0.890625,18999,,0.2861766219139099,,,,
54,0.9140625,19049,,0.2237166166305542,,,,
54,0.8671875,19099,,0.29236504435539246,,,,
54,0.8984375,19149,,0.23701037466526031,,,,
54,0.9453125,19199,,0.1621759831905365,,,,
54,0.8828125,19249,,0.28162866830825806,,,,
54,0.9375,19299,,0.18779850006103516,,,,
54,,19304,,,0.8698436617851257,0.7603999972343445,,
,,19305,0.0003,,,,,
55,0.953125,19349,,0.18031853437423706,,,,
55,0.9453125,19399,,0.20775505900382996,,,,
55,0.890625,19449,,0.3119790554046631,,,,
55,0.875,19499,,0.31590375304222107,,,,
55,0.9140625,19549,,0.24699854850769043,,,,
55,0.9140625,19599,,0.2719340920448303,,,,
55,0.8828125,19649,,0.3339211344718933,,,,
55,,19655,,,0.8766563534736633,0.7580000162124634,,
,,19656,0.0003,,,,,
56,0.9453125,19699,,0.15840832889080048,,,,
56,0.9375,19749,,0.19485768675804138,,,,
56,0.84375,19799,,0.4095861315727234,,,,
56,0.921875,19849,,0.18675480782985687,,,,
56,0.9296875,19899,,0.2679370045661926,,,,
56,0.8828125,19949,,0.31074607372283936,,,,
56,0.859375,19999,,0.3495616316795349,,,,
56,,20006,,,0.9164280295372009,0.7487999796867371,,
,,20007,0.0003,,,,,
57,0.9140625,20049,,0.2653660774230957,,,,
57,0.953125,20099,,0.16835705935955048,,,,
57,0.9375,20149,,0.19095377624034882,,,,
57,0.890625,20199,,0.24397043883800507,,,,
57,0.9140625,20249,,0.23139803111553192,,,,
57,0.9140625,20299,,0.2317223995923996,,,,
57,0.8828125,20349,,0.24663424491882324,,,,
57,,20357,,,0.9161098599433899,0.7501999735832214,,
,,20358,0.0003,,,,,
58,0.9375,20399,,0.17848630249500275,,,,
58,0.90625,20449,,0.2517356872558594,,,,
58,0.9140625,20499,,0.3000025749206543,,,,
58,0.9765625,20549,,0.15638868510723114,,,,
58,0.8828125,20599,,0.3653113543987274,,,,
58,0.921875,20649,,0.16050831973552704,,,,
58,0.90625,20699,,0.24415063858032227,,,,
58,,20708,,,0.8886713981628418,0.7576000094413757,,
,,20709,0.0003,,,,,
59,0.9375,20749,,0.24982425570487976,,,,
59,0.8828125,20799,,0.2986675798892975,,,,
59,0.890625,20849,,0.22055402398109436,,,,
59,0.921875,20899,,0.3004108965396881,,,,
59,0.9609375,20949,,0.10591531544923782,,,,
59,0.890625,20999,,0.30596286058425903,,,,
59,0.9296875,21049,,0.21288418769836426,,,,
59,,21059,,,0.9220697283744812,0.7486000061035156,,
,,21060,0.0003,,,,,
60,0.9375,21099,,0.1800629049539566,,,,
60,0.9375,21149,,0.15523667633533478,,,,
60,0.953125,21199,,0.1256851851940155,,,,
60,0.921875,21249,,0.21632921695709229,,,,
60,0.8984375,21299,,0.22229047119617462,,,,
60,0.9296875,21349,,0.24102842807769775,,,,
60,0.9375,21399,,0.15124355256557465,,,,
60,,21410,,,0.894311249256134,0.7562000155448914,,
,,21411,0.0003,,,,,
61,0.9375,21449,,0.1722971647977829,,,,
61,0.9609375,21499,,0.13041917979717255,,,,
61,0.921875,21549,,0.1870313435792923,,,,
61,0.9609375,21599,,0.1296597123146057,,,,
61,0.9375,21649,,0.1842949390411377,,,,
61,0.9296875,21699,,0.17152462899684906,,,,
61,0.9375,21749,,0.165188267827034,,,,
61,,21761,,,0.9183183312416077,0.756600022315979,,
,,21762,0.0003,,,,,
62,0.9375,21799,,0.18037572503089905,,,,
62,0.9453125,21849,,0.15822286903858185,,,,
62,0.9296875,21899,,0.26820501685142517,,,,
62,0.9296875,21949,,0.15113750100135803,,,,
62,0.8828125,21999,,0.3000776469707489,,,,
62,0.875,22049,,0.24782179296016693,,,,
62,0.9453125,22099,,0.1256449669599533,,,,
62,,22112,,,0.9152430891990662,0.7559999823570251,,
,,22113,0.0003,,,,,
63,0.953125,22149,,0.1765194684267044,,,,
63,0.921875,22199,,0.21509161591529846,,,,
63,0.9765625,22249,,0.10477862507104874,,,,
63,0.9453125,22299,,0.2096671760082245,,,,
63,0.8828125,22349,,0.2573032081127167,,,,
63,0.9140625,22399,,0.23187878727912903,,,,
63,0.921875,22449,,0.1790587455034256,,,,
63,,22463,,,1.049385905265808,0.7373999953269958,,
,,22464,0.0003,,,,,
64,0.90625,22499,,0.19795432686805725,,,,
64,0.9609375,22549,,0.1330033540725708,,,,
64,0.90625,22599,,0.26747795939445496,,,,
64,0.953125,22649,,0.14465992152690887,,,,
64,0.9140625,22699,,0.22626525163650513,,,,
64,0.890625,22749,,0.2717018723487854,,,,
64,0.953125,22799,,0.22269541025161743,,,,
64,,22814,,,0.9829320311546326,0.7504000067710876,,
,,22815,0.0003,,,,,
65,0.9140625,22849,,0.1859275996685028,,,,
65,0.921875,22899,,0.23098361492156982,,,,
65,0.953125,22949,,0.09085742384195328,,,,
65,0.9375,22999,,0.2235550582408905,,,,
65,0.9140625,23049,,0.23765571415424347,,,,
65,0.9375,23099,,0.20008882880210876,,,,
65,0.921875,23149,,0.1946176290512085,,,,
65,,23165,,,0.953299880027771,0.7554000020027161,,
,,23166,0.0003,,,,,
66,0.96875,23199,,0.12288082391023636,,,,
66,0.8984375,23249,,0.21228288114070892,,,,
66,0.9296875,23299,,0.20790472626686096,,,,
66,0.953125,23349,,0.11274805665016174,,,,
66,0.8984375,23399,,0.23163022100925446,,,,
66,0.90625,23449,,0.20515215396881104,,,,
66,0.9375,23499,,0.1741057187318802,,,,
66,,23516,,,0.9203366041183472,0.7616000175476074,,
,,23517,0.0003,,,,,
67,0.9765625,23549,,0.08079821616411209,,,,
67,0.9765625,23599,,0.07710161060094833,,,,
67,0.9140625,23649,,0.22865480184555054,,,,
67,0.921875,23699,,0.21756082773208618,,,,
67,0.8984375,23749,,0.2447143793106079,,,,
67,0.921875,23799,,0.22351330518722534,,,,
67,0.9296875,23849,,0.16887037456035614,,,,
67,,23867,,,0.972343385219574,0.760200023651123,,
,,23868,0.0003,,,,,
68,0.9453125,23899,,0.15289145708084106,,,,
68,0.9453125,23949,,0.15154263377189636,,,,
68,0.9609375,23999,,0.13894377648830414,,,,
68,0.9453125,24049,,0.2031872570514679,,,,
68,0.9296875,24099,,0.16029959917068481,,,,
68,0.9296875,24149,,0.20874914526939392,,,,
68,0.9453125,24199,,0.16059638559818268,,,,
68,,24218,,,0.9478817582130432,0.7603999972343445,,
,,24219,0.0003,,,,,
69,0.9765625,24249,,0.1253727525472641,,,,
69,0.96875,24299,,0.09730534255504608,,,,
69,0.9453125,24349,,0.1308985948562622,,,,
69,0.9609375,24399,,0.13875220715999603,,,,
69,0.9609375,24449,,0.09169523417949677,,,,
69,0.953125,24499,,0.17665231227874756,,,,
69,0.953125,24549,,0.14806625247001648,,,,
69,,24569,,,1.00209379196167,0.7504000067710876,,
,,24570,0.0003,,,,,
70,0.953125,24599,,0.1459801346063614,,,,
70,0.9140625,24649,,0.17249806225299835,,,,
70,0.9453125,24699,,0.19588206708431244,,,,
70,0.9140625,24749,,0.20843656361103058,,,,
70,0.9609375,24799,,0.1345152109861374,,,,
70,0.953125,24849,,0.12355407327413559,,,,
70,0.90625,24899,,0.21452778577804565,,,,
70,,24920,,,0.9153378009796143,0.7620000243186951,,
,,24921,0.0003,,,,,
71,0.96875,24949,,0.0773259699344635,,,,
71,0.9609375,24999,,0.13306137919425964,,,,
71,0.9609375,25049,,0.10446050018072128,,,,
71,0.9609375,25099,,0.1375846564769745,,,,
71,0.9296875,25149,,0.2451832890510559,,,,
71,0.90625,25199,,0.27615854144096375,,,,
71,0.875,25249,,0.2933809459209442,,,,
71,,25271,,,0.9397492408752441,0.7638000249862671,,
,,25272,0.0003,,,,,
72,0.953125,25299,,0.1062096580862999,,,,
72,0.9375,25349,,0.17865385115146637,,,,
72,0.953125,25399,,0.11824862658977509,,,,
72,0.9140625,25449,,0.17708589136600494,,,,
72,0.921875,25499,,0.16528303921222687,,,,
72,0.890625,25549,,0.19267086684703827,,,,
72,0.9140625,25599,,0.24825216829776764,,,,
72,,25622,,,1.0171546936035156,0.7455999851226807,,
,,25623,0.0003,,,,,
73,0.9296875,25649,,0.15807831287384033,,,,
73,0.953125,25699,,0.1374296396970749,,,,
73,0.9609375,25749,,0.13842809200286865,,,,
73,0.890625,25799,,0.2802046537399292,,,,
73,0.9296875,25849,,0.170397087931633,,,,
73,0.890625,25899,,0.27971407771110535,,,,
73,0.921875,25949,,0.23402686417102814,,,,
73,,25973,,,0.9302686452865601,0.7698000073432922,,
,,25974,0.0003,,,,,
74,0.9453125,25999,,0.1546071618795395,,,,
74,0.9296875,26049,,0.19752812385559082,,,,
74,0.9140625,26099,,0.15620793402194977,,,,
74,0.9453125,26149,,0.16597570478916168,,,,
74,0.953125,26199,,0.14811627566814423,,,,
74,0.953125,26249,,0.13246910274028778,,,,
74,0.9375,26299,,0.18127897381782532,,,,
74,,26324,,,0.9623516798019409,0.760200023651123,,
,,26325,0.0003,,,,,
75,0.921875,26349,,0.18442286550998688,,,,
75,0.953125,26399,,0.1424570530653,,,,
75,0.9453125,26449,,0.13573330640792847,,,,
75,0.953125,26499,,0.13941332697868347,,,,
75,0.9765625,26549,,0.08982646465301514,,,,
75,0.96875,26599,,0.13277490437030792,,,,
75,0.953125,26649,,0.11219508945941925,,,,
75,,26675,,,0.9909074306488037,0.7612000107765198,,
,,26676,0.0003,,,,,
76,0.984375,26699,,0.052887946367263794,,,,
76,0.9609375,26749,,0.09154760837554932,,,,
76,0.9921875,26799,,0.05728749930858612,,,,
76,0.9453125,26849,,0.1369483917951584,,,,
76,0.9453125,26899,,0.1471252292394638,,,,
76,0.9609375,26949,,0.12525957822799683,,,,
76,0.9453125,26999,,0.09115683287382126,,,,
76,,27026,,,0.9604071974754333,0.76419997215271,,
,,27027,0.0003,,,,,
77,0.953125,27049,,0.10413657128810883,,,,
77,0.9765625,27099,,0.0682842954993248,,,,
77,0.96875,27149,,0.12276925891637802,,,,
77,0.9609375,27199,,0.12174919992685318,,,,
77,0.921875,27249,,0.17053762078285217,,,,
77,0.96875,27299,,0.08943623304367065,,,,
77,0.9375,27349,,0.14887741208076477,,,,
77,,27377,,,1.0170395374298096,0.7523999810218811,,
,,27378,0.0003,,,,,
78,0.9375,27399,,0.1329289823770523,,,,
78,0.96875,27449,,0.0922112911939621,,,,
78,0.953125,27499,,0.11666372418403625,,,,
78,0.9609375,27549,,0.1255325824022293,,,,
78,0.9453125,27599,,0.11959435790777206,,,,
78,0.953125,27649,,0.1549472212791443,,,,
78,0.9453125,27699,,0.12124009430408478,,,,
78,,27728,,,1.0235388278961182,0.7513999938964844,,
,,27729,0.0003,,,,,
79,0.9609375,27749,,0.11729447543621063,,,,
79,0.9609375,27799,,0.09903926402330399,,,,
79,0.96875,27849,,0.16446538269519806,,,,
79,0.9375,27899,,0.167621910572052,,,,
79,0.9609375,27949,,0.10752745717763901,,,,
79,0.9765625,27999,,0.07654345780611038,,,,
79,0.9375,28049,,0.14016611874103546,,,,
79,,28079,,,1.0149916410446167,0.7558000087738037,,
,,28080,0.0003,,,,,
80,0.953125,28099,,0.09950265288352966,,,,
80,0.9609375,28149,,0.1821366399526596,,,,
80,0.9609375,28199,,0.08480387181043625,,,,
80,0.9296875,28249,,0.21906709671020508,,,,
80,0.9453125,28299,,0.17321214079856873,,,,
80,0.921875,28349,,0.2061765342950821,,,,
80,0.9453125,28399,,0.08954667299985886,,,,
80,,28430,,,1.013203740119934,0.7562000155448914,,
,,28431,0.0003,,,,,
81,0.9453125,28449,,0.13932844996452332,,,,
81,0.9453125,28499,,0.09224855154752731,,,,
81,0.9609375,28549,,0.10782691091299057,,,,
81,0.9140625,28599,,0.21079523861408234,,,,
81,0.9609375,28649,,0.11217407882213593,,,,
81,0.96875,28699,,0.07496727257966995,,,,
81,0.9296875,28749,,0.16050179302692413,,,,
81,,28781,,,1.0238515138626099,0.7519999742507935,,
,,28782,0.0003,,,,,
82,0.90625,28799,,0.27295196056365967,,,,
82,0.9609375,28849,,0.13716483116149902,,,,
82,0.9609375,28899,,0.07743305712938309,,,,
82,0.953125,28949,,0.10473135858774185,,,,
82,0.9296875,28999,,0.1873680055141449,,,,
82,0.9140625,29049,,0.160574808716774,,,,
82,0.9609375,29099,,0.10497592389583588,,,,
82,,29132,,,1.0066452026367188,0.7585999965667725,,
,,29133,0.0003,,,,,
83,0.953125,29149,,0.1347203254699707,,,,
83,0.96875,29199,,0.10402966290712357,,,,
83,0.9609375,29249,,0.16618426144123077,,,,
83,0.9609375,29299,,0.12296432256698608,,,,
83,0.984375,29349,,0.0893378034234047,,,,
83,0.9921875,29399,,0.06595338881015778,,,,
83,0.96875,29449,,0.08353069424629211,,,,
83,,29483,,,1.0134050846099854,0.7576000094413757,,
,,29484,0.0003,,,,,
84,0.9609375,29499,,0.11133593320846558,,,,
84,0.9453125,29549,,0.09998607635498047,,,,
84,0.96875,29599,,0.10066284984350204,,,,
84,0.953125,29649,,0.10864970833063126,,,,
84,0.9609375,29699,,0.07832998782396317,,,,
84,0.96875,29749,,0.06165506690740585,,,,
84,0.96875,29799,,0.0979384109377861,,,,
84,,29834,,,1.0481425523757935,0.753600001335144,,
,,29835,0.0003,,,,,
85,0.953125,29849,,0.0987730473279953,,,,
85,0.953125,29899,,0.12426517903804779,,,,
85,0.9453125,29949,,0.1405320018529892,,,,
85,0.984375,29999,,0.0935935378074646,,,,
85,0.984375,30049,,0.08716884255409241,,,,
85,0.96875,30099,,0.10508158057928085,,,,
85,0.96875,30149,,0.06832897663116455,,,,
85,,30185,,,1.0339879989624023,0.7639999985694885,,
,,30186,0.0003,,,,,
86,0.9921875,30199,,0.04465237632393837,,,,
86,0.96875,30249,,0.07760690152645111,,,,
86,0.9453125,30299,,0.1498546302318573,,,,
86,0.953125,30349,,0.1700461506843567,,,,
86,0.9609375,30399,,0.14216524362564087,,,,
86,0.9765625,30449,,0.10106857866048813,,,,
86,0.953125,30499,,0.15854594111442566,,,,
86,,30536,,,1.0233756303787231,0.7608000040054321,,
,,30537,0.0003,,,,,
87,0.953125,30549,,0.163151353597641,,,,
87,0.9609375,30599,,0.12105805426836014,,,,
87,0.96875,30649,,0.12172134220600128,,,,
87,0.984375,30699,,0.07946449518203735,,,,
87,0.9453125,30749,,0.13395658135414124,,,,
87,0.953125,30799,,0.11058498919010162,,,,
87,0.9609375,30849,,0.12123516947031021,,,,
87,,30887,,,1.0029605627059937,0.7630000114440918,,
,,30888,0.0003,,,,,
88,0.90625,30899,,0.2626613676548004,,,,
88,0.96875,30949,,0.08009827882051468,,,,
88,0.9453125,30999,,0.16601939499378204,,,,
88,0.9921875,31049,,0.049731429666280746,,,,
88,0.9453125,31099,,0.1694311797618866,,,,
88,0.9453125,31149,,0.17689509689807892,,,,
88,0.9765625,31199,,0.08366480469703674,,,,
88,,31238,,,1.0226751565933228,0.7581999897956848,,
,,31239,0.0003,,,,,
89,0.9609375,31249,,0.1062210202217102,,,,
89,0.9765625,31299,,0.09072109311819077,,,,
89,0.984375,31349,,0.06321215629577637,,,,
89,0.9375,31399,,0.19612036645412445,,,,
89,0.953125,31449,,0.12050706148147583,,,,
89,0.953125,31499,,0.16488321125507355,,,,
89,0.96875,31549,,0.1207980141043663,,,,
89,,31589,,,1.0512741804122925,0.7662000060081482,,
,,31590,0.0003,,,,,
90,0.984375,31599,,0.05211427062749863,,,,
90,0.953125,31649,,0.13830658793449402,,,,
90,0.953125,31699,,0.1363319456577301,,,,
90,0.953125,31749,,0.17497289180755615,,,,
90,0.9765625,31799,,0.0974481850862503,,,,
90,0.953125,31849,,0.10195627808570862,,,,
90,0.96875,31899,,0.13347432017326355,,,,
90,,31940,,,1.0565071105957031,0.7555999755859375,,
,,31941,0.0003,,,,,
91,0.984375,31949,,0.0771835595369339,,,,
91,0.9765625,31999,,0.12659668922424316,,,,
91,0.9765625,32049,,0.06499114632606506,,,,
91,0.96875,32099,,0.08531013131141663,,,,
91,0.953125,32149,,0.15594494342803955,,,,
91,0.9609375,32199,,0.11406784504652023,,,,
91,0.9453125,32249,,0.16956700384616852,,,,
91,,32291,,,1.0380127429962158,0.7585999965667725,,
,,32292,0.0003,,,,,
92,0.953125,32299,,0.15070271492004395,,,,
92,0.984375,32349,,0.07213257998228073,,,,
92,0.96875,32399,,0.11586464941501617,,,,
92,0.9375,32449,,0.2277328222990036,,,,
92,0.953125,32499,,0.11857037246227264,,,,
92,0.9765625,32549,,0.08605845272541046,,,,
92,0.9296875,32599,,0.12965397536754608,,,,
92,,32642,,,1.069002389907837,0.7549999952316284,,
,,32643,0.0003,,,,,
93,0.9765625,32649,,0.07321140170097351,,,,
93,0.96875,32699,,0.0997472032904625,,,,
93,0.9140625,32749,,0.20579804480075836,,,,
93,0.9609375,32799,,0.17899687588214874,,,,
93,0.9453125,32849,,0.142268106341362,,,,
93,0.9765625,32899,,0.06954984366893768,,,,
93,0.96875,32949,,0.0971522182226181,,,,
93,,32993,,,1.061419129371643,0.7617999911308289,,
,,32994,0.0003,,,,,
94,0.984375,32999,,0.09031601250171661,,,,
94,0.9609375,33049,,0.16869856417179108,,,,
94,0.9609375,33099,,0.12128294259309769,,,,
94,0.953125,33149,,0.17037217319011688,,,,
94,0.96875,33199,,0.10784898698329926,,,,
94,0.9609375,33249,,0.14264312386512756,,,,
94,0.9453125,33299,,0.10956329107284546,,,,
94,,33344,,,1.0211495161056519,0.7680000066757202,,
,,33345,0.0003,,,,,
95,0.96875,33349,,0.07984838634729385,,,,
95,0.96875,33399,,0.07951176911592484,,,,
95,0.96875,33449,,0.07228007167577744,,,,
95,0.9375,33499,,0.2043459564447403,,,,
95,0.96875,33549,,0.09101928025484085,,,,
95,0.9609375,33599,,0.11643558740615845,,,,
95,0.9765625,33649,,0.0493936687707901,,,,
95,,33695,,,1.059609293937683,0.7594000101089478,,
,,33696,0.0003,,,,,
96,0.9921875,33699,,0.046863846480846405,,,,
96,0.9765625,33749,,0.07453584671020508,,,,
96,0.921875,33799,,0.16177336871623993,,,,
96,0.953125,33849,,0.15066760778427124,,,,
96,0.953125,33899,,0.1089898869395256,,,,
96,0.96875,33949,,0.09691305458545685,,,,
96,0.953125,33999,,0.18442316353321075,,,,
96,,34046,,,1.02225661277771,0.7608000040054321,,
,,34047,0.0003,,,,,
97,0.9765625,34049,,0.06578994542360306,,,,
97,0.984375,34099,,0.06426732987165451,,,,
97,0.96875,34149,,0.12494760751724243,,,,
97,0.96875,34199,,0.08850016444921494,,,,
97,0.9765625,34249,,0.06474949419498444,,,,
97,0.953125,34299,,0.1649002730846405,,,,
97,0.953125,34349,,0.11399266868829727,,,,
97,,34397,,,1.0669628381729126,0.7572000026702881,,
,,34398,0.0003,,,,,
98,0.9609375,34399,,0.09618660807609558,,,,
98,0.953125,34449,,0.14597231149673462,,,,
98,0.96875,34499,,0.12040834873914719,,,,
98,0.984375,34549,,0.044502466917037964,,,,
98,0.9609375,34599,,0.10007843375205994,,,,
98,0.9765625,34649,,0.15528391301631927,,,,
98,0.953125,34699,,0.13961119949817657,,,,
98,,34748,,,1.0775762796401978,0.756600022315979,,
,,34749,0.0003,,,,,
99,0.953125,34749,,0.09890014678239822,,,,
99,0.9765625,34799,,0.08991394191980362,,,,
99,0.9453125,34849,,0.15135322511196136,,,,
99,0.9375,34899,,0.11125883460044861,,,,
99,0.96875,34949,,0.12105504423379898,,,,
99,0.9921875,34999,,0.047670017927885056,,,,
99,0.953125,35049,,0.13251154124736786,,,,
99,0.9453125,35099,,0.13515499234199524,,,,
99,,35099,,,1.031160593032837,0.7656000256538391,,
,,35100,2.9999999999999997e-05,,,,,
100,0.9375,35149,,0.09606526046991348,,,,
100,0.984375,35199,,0.05680801719427109,,,,
100,0.984375,35249,,0.05921526625752449,,,,
100,0.9921875,35299,,0.035187091678380966,,,,
100,0.9765625,35349,,0.061015643179416656,,,,
100,0.9765625,35399,,0.04837174713611603,,,,
100,0.984375,35449,,0.04616272449493408,,,,
100,,35450,,,1.006744146347046,0.777400016784668,,
,,35451,2.9999999999999997e-05,,,,,
101,0.984375,35499,,0.04142724722623825,,,,
101,0.984375,35549,,0.05328064411878586,,,,
101,0.953125,35599,,0.10540758073329926,,,,
101,0.96875,35649,,0.10023470222949982,,,,
101,0.9921875,35699,,0.043016087263822556,,,,
101,0.9921875,35749,,0.028268784284591675,,,,
101,0.984375,35799,,0.04202191159129143,,,,
101,,35801,,,1.0207271575927734,0.7770000100135803,,
,,35802,2.9999999999999997e-05,,,,,
102,0.984375,35849,,0.026731183752417564,,,,
102,0.953125,35899,,0.10021817684173584,,,,
102,0.9765625,35949,,0.05271214246749878,,,,
102,1.0,35999,,0.01105632446706295,,,,
102,1.0,36049,,0.01761210337281227,,,,
102,1.0,36099,,0.019849421456456184,,,,
102,0.984375,36149,,0.03779115900397301,,,,
102,,36152,,,1.026737093925476,0.775600016117096,,
,,36153,2.9999999999999997e-05,,,,,
103,0.9921875,36199,,0.023293236270546913,,,,
103,1.0,36249,,0.024050002917647362,,,,
103,1.0,36299,,0.013697267509996891,,,,
103,0.984375,36349,,0.02396041713654995,,,,
103,0.9765625,36399,,0.05636468529701233,,,,
103,0.9921875,36449,,0.03226215019822121,,,,
103,0.9765625,36499,,0.04534415900707245,,,,
103,,36503,,,1.0509570837020874,0.7778000235557556,,
,,36504,2.9999999999999997e-05,,,,,
104,0.984375,36549,,0.07441584020853043,,,,
104,0.984375,36599,,0.02316022664308548,,,,
104,0.984375,36649,,0.02493375912308693,,,,
104,0.9921875,36699,,0.02628621831536293,,,,
104,0.9921875,36749,,0.04495050013065338,,,,
104,0.9921875,36799,,0.02169352024793625,,,,
104,1.0,36849,,0.011811047792434692,,,,
104,,36854,,,1.052997350692749,0.7775999903678894,,
,,36855,2.9999999999999997e-05,,,,,
105,0.9921875,36899,,0.0204609427601099,,,,
105,1.0,36949,,0.017243271693587303,,,,
105,1.0,36999,,0.010710700415074825,,,,
105,0.9921875,37049,,0.014709553681313992,,,,
105,0.9921875,37099,,0.030311211943626404,,,,
105,1.0,37149,,0.005186792928725481,,,,
105,0.96875,37199,,0.0744781568646431,,,,
105,,37205,,,1.046616554260254,0.777400016784668,,
,,37206,2.9999999999999997e-05,,,,,
106,1.0,37249,,0.018634486943483353,,,,
106,1.0,37299,,0.00965150911360979,,,,
106,0.984375,37349,,0.08588862419128418,,,,
106,0.984375,37399,,0.048155706375837326,,,,
106,1.0,37449,,0.011707499623298645,,,,
106,1.0,37499,,0.012250134721398354,,,,
106,0.9921875,37549,,0.018198726698756218,,,,
106,,37556,,,1.0761646032333374,0.772599995136261,,
,,37557,2.9999999999999997e-05,,,,,
107,0.984375,37599,,0.04064983129501343,,,,
107,0.984375,37649,,0.04509848728775978,,,,
107,0.9921875,37699,,0.03841547295451164,,,,
107,1.0,37749,,0.015003673732280731,,,,
107,0.984375,37799,,0.038528356701135635,,,,
107,1.0,37849,,0.00962188933044672,,,,
107,1.0,37899,,0.016766171902418137,,,,
107,,37907,,,1.0798949003219604,0.7766000032424927,,
,,37908,2.9999999999999997e-05,,,,,
108,1.0,37949,,0.01791374385356903,,,,
108,0.984375,37999,,0.04665851965546608,,,,
108,0.9765625,38049,,0.05289082229137421,,,,
108,0.9765625,38099,,0.05631018429994583,,,,
108,0.9765625,38149,,0.11412946879863739,,,,
108,1.0,38199,,0.018583869561553,,,,
108,1.0,38249,,0.01107104867696762,,,,
108,,38258,,,1.0856773853302002,0.7760000228881836,,
,,38259,2.9999999999999997e-05,,,,,
109,1.0,38299,,0.01361360214650631,,,,
109,0.9921875,38349,,0.03283649682998657,,,,
109,1.0,38399,,0.007422724273055792,,,,
109,0.9921875,38449,,0.018841760233044624,,,,
109,0.9921875,38499,,0.01751614175736904,,,,
109,0.9921875,38549,,0.017483536154031754,,,,
109,0.9921875,38599,,0.022890005260705948,,,,
109,,38609,,,1.0933878421783447,0.7753999829292297,,
,,38610,2.9999999999999997e-05,,,,,
110,1.0,38649,,0.008658699691295624,,,,
110,0.9921875,38699,,0.019056538119912148,,,,
110,1.0,38749,,0.004976385738700628,,,,
110,0.9921875,38799,,0.021134018898010254,,,,
110,1.0,38849,,0.015927111729979515,,,,
110,0.984375,38899,,0.022974923253059387,,,,
110,1.0,38949,,0.01640985906124115,,,,
110,,38960,,,1.1017645597457886,0.777400016784668,,
,,38961,2.9999999999999997e-05,,,,,
111,0.984375,38999,,0.04036781191825867,,,,
111,1.0,39049,,0.015394452027976513,,,,
111,1.0,39099,,0.005582653917372227,,,,
111,0.9921875,39149,,0.01923452503979206,,,,
111,1.0,39199,,0.00424583675339818,,,,
111,0.9921875,39249,,0.030299818143248558,,,,
111,0.9921875,39299,,0.040779080241918564,,,,
111,,39311,,,1.1183123588562012,0.7752000093460083,,
,,39312,2.9999999999999997e-05,,,,,
112,0.984375,39349,,0.06588859111070633,,,,
112,0.9921875,39399,,0.0182258989661932,,,,
112,1.0,39449,,0.004547783639281988,,,,
112,0.9921875,39499,,0.020572267472743988,,,,
112,0.9921875,39549,,0.026106664910912514,,,,
112,0.9921875,39599,,0.019872792065143585,,,,
112,0.9921875,39649,,0.020808467641472816,,,,
112,,39662,,,1.1163859367370605,0.7770000100135803,,
,,39663,2.9999999999999997e-05,,,,,
113,1.0,39699,,0.011988304555416107,,,,
113,1.0,39749,,0.006623055320233107,,,,
113,1.0,39799,,0.007574789691716433,,,,
113,1.0,39849,,0.013053146190941334,,,,
113,0.984375,39899,,0.04817422851920128,,,,
113,0.9921875,39949,,0.020548900589346886,,,,
113,1.0,39999,,0.013649873435497284,,,,
113,,40013,,,1.138704776763916,0.7728000283241272,,
,,40014,2.9999999999999997e-05,,,,,
114,0.9921875,40049,,0.018080972135066986,,,,
114,1.0,40099,,0.012643298134207726,,,,
114,0.9921875,40149,,0.017780538648366928,,,,
114,1.0,40199,,0.010477099567651749,,,,
114,1.0,40249,,0.00887092761695385,,,,
114,0.984375,40299,,0.029056323692202568,,,,
114,0.9921875,40349,,0.032736875116825104,,,,
114,,40364,,,1.1208571195602417,0.7803999781608582,,
,,40365,2.9999999999999997e-05,,,,,
115,0.9921875,40399,,0.024153776466846466,,,,
115,0.984375,40449,,0.02429777942597866,,,,
115,0.9921875,40499,,0.019810089841485023,,,,
115,0.9921875,40549,,0.024671223014593124,,,,
115,1.0,40599,,0.008645962923765182,,,,
115,0.984375,40649,,0.02877902239561081,,,,
115,0.984375,40699,,0.03575756400823593,,,,
115,,40715,,,1.1331710815429688,0.7789999842643738,,
,,40716,2.9999999999999997e-05,,,,,
116,0.9921875,40749,,0.020571693778038025,,,,
116,1.0,40799,,0.021039772778749466,,,,
116,1.0,40849,,0.0017347467364743352,,,,
116,1.0,40899,,0.009622829966247082,,,,
116,1.0,40949,,0.0077765993773937225,,,,
116,1.0,40999,,0.0074196201749145985,,,,
116,0.9921875,41049,,0.019632913172245026,,,,
116,,41066,,,1.1508110761642456,0.777999997138977,,
,,41067,2.9999999999999997e-05,,,,,
117,1.0,41099,,0.014559092931449413,,,,
117,0.9921875,41149,,0.016736315563321114,,,,
117,1.0,41199,,0.0062624323181807995,,,,
117,1.0,41249,,0.007371275685727596,,,,
117,1.0,41299,,0.008367403410375118,,,,
117,1.0,41349,,0.009326410479843616,,,,
117,0.9921875,41399,,0.02172866463661194,,,,
117,,41417,,,1.1483423709869385,0.7760000228881836,,
,,41418,2.9999999999999997e-05,,,,,
118,1.0,41449,,0.0056615667417645454,,,,
118,0.9921875,41499,,0.03041122667491436,,,,
118,1.0,41549,,0.0067995223216712475,,,,
118,1.0,41599,,0.002147016115486622,,,,
118,1.0,41649,,0.01336129941046238,,,,
118,1.0,41699,,0.0074867927469313145,,,,
118,0.9921875,41749,,0.04962792992591858,,,,
118,,41768,,,1.1619610786437988,0.775600016117096,,
,,41769,2.9999999999999997e-05,,,,,
119,1.0,41799,,0.01003970392048359,,,,
119,1.0,41849,,0.007301457691937685,,,,
119,1.0,41899,,0.007398422807455063,,,,
119,1.0,41949,,0.01421046070754528,,,,
119,1.0,41999,,0.011613250710070133,,,,
119,0.984375,42049,,0.03159741312265396,,,,
119,0.9921875,42099,,0.02648334763944149,,,,
119,,42119,,,1.1721595525741577,0.7757999897003174,,
,,42120,2.9999999999999997e-05,,,,,
120,0.9921875,42149,,0.023857032880187035,,,,
120,0.9765625,42199,,0.04144939407706261,,,,
120,0.9921875,42249,,0.02641190029680729,,,,
120,1.0,42299,,0.009817714802920818,,,,
120,0.9921875,42349,,0.01931837946176529,,,,
120,0.9921875,42399,,0.032093994319438934,,,,
120,1.0,42449,,0.012382620014250278,,,,
120,,42470,,,1.178670883178711,0.7730000019073486,,
,,42471,2.9999999999999997e-05,,,,,
121,1.0,42499,,0.007203066721558571,,,,
121,1.0,42549,,0.005853969603776932,,,,
121,1.0,42599,,0.005724486894905567,,,,
121,0.9921875,42649,,0.023836908861994743,,,,
121,0.984375,42699,,0.027141839265823364,,,,
121,0.9921875,42749,,0.027182579040527344,,,,
121,1.0,42799,,0.004465865436941385,,,,
121,,42821,,,1.1755682229995728,0.7753999829292297,,
,,42822,2.9999999999999997e-05,,,,,
122,1.0,42849,,0.005745726637542248,,,,
122,0.9921875,42899,,0.022633101791143417,,,,
122,1.0,42949,,0.00832090899348259,,,,
122,1.0,42999,,0.01127456221729517,,,,
122,0.9921875,43049,,0.01667177304625511,,,,
122,1.0,43099,,0.008673074655234814,,,,
122,1.0,43149,,0.011890994384884834,,,,
122,,43172,,,1.1898115873336792,0.7788000106811523,,
,,43173,2.9999999999999997e-05,,,,,
123,0.9765625,43199,,0.03596718981862068,,,,
123,0.9921875,43249,,0.012852035462856293,,,,
123,1.0,43299,,0.008872180245816708,,,,
123,1.0,43349,,0.01160871610045433,,,,
123,0.9921875,43399,,0.016593053936958313,,,,
123,0.9765625,43449,,0.03883110359311104,,,,
123,0.9921875,43499,,0.011393285356462002,,,,
123,,43523,,,1.2015767097473145,0.7739999890327454,,
,,43524,2.9999999999999997e-05,,,,,
124,1.0,43549,,0.022777244448661804,,,,
124,1.0,43599,,0.010450872592628002,,,,
124,0.984375,43649,,0.03923299163579941,,,,
124,0.984375,43699,,0.022372525185346603,,,,
124,0.984375,43749,,0.025295572355389595,,,,
124,0.9921875,43799,,0.021541841328144073,,,,
124,0.9921875,43849,,0.012011038139462471,,,,
124,,43874,,,1.2153152227401733,0.7749999761581421,,
,,43875,2.9999999999999997e-05,,,,,
125,0.9921875,43899,,0.023120511323213577,,,,
125,1.0,43949,,0.012272143736481667,,,,
125,1.0,43999,,0.0015724439872428775,,,,
125,0.984375,44049,,0.030008159577846527,,,,
125,1.0,44099,,0.008074349723756313,,,,
125,0.9765625,44149,,0.03103572316467762,,,,
125,0.9921875,44199,,0.018027901649475098,,,,
125,,44225,,,1.2055379152297974,0.7788000106811523,,
,,44226,2.9999999999999997e-05,,,,,
126,0.9765625,44249,,0.04037503898143768,,,,
126,0.9921875,44299,,0.01329618226736784,,,,
126,1.0,44349,,0.009647936560213566,,,,
126,1.0,44399,,0.006037143524736166,,,,
126,1.0,44449,,0.014302616007626057,,,,
126,1.0,44499,,0.009627758525311947,,,,
126,0.984375,44549,,0.03623776137828827,,,,
126,,44576,,,1.1965786218643188,0.7770000100135803,,
,,44577,2.9999999999999997e-05,,,,,
127,1.0,44599,,0.0031879881862550974,,,,
127,0.9921875,44649,,0.012733292765915394,,,,
127,1.0,44699,,0.008720867335796356,,,,
127,0.9921875,44749,,0.008322601206600666,,,,
127,0.9921875,44799,,0.021711569279432297,,,,
127,0.9921875,44849,,0.02621391788125038,,,,
127,0.984375,44899,,0.04628775641322136,,,,
127,,44927,,,1.2208253145217896,0.7730000019073486,,
,,44928,2.9999999999999997e-05,,,,,
128,1.0,44949,,0.01363510824739933,,,,
128,0.9921875,44999,,0.010534824803471565,,,,
128,1.0,45049,,0.007134677842259407,,,,
128,0.984375,45099,,0.0764051154255867,,,,
128,0.9921875,45149,,0.027264045551419258,,,,
128,0.9921875,45199,,0.02010316215455532,,,,
128,1.0,45249,,0.015312104485929012,,,,
128,,45278,,,1.2222943305969238,0.7731999754905701,,
,,45279,2.9999999999999997e-05,,,,,
129,1.0,45299,,0.0026713619008660316,,,,
129,0.9765625,45349,,0.02678505890071392,,,,
129,0.9921875,45399,,0.015092901885509491,,,,
129,0.9921875,45449,,0.015197268687188625,,,,
129,1.0,45499,,0.005451868288218975,,,,
129,1.0,45549,,0.013180006295442581,,,,
129,1.0,45599,,0.011718071065843105,,,,
129,,45629,,,1.2206299304962158,0.7757999897003174,,
,,45630,2.9999999999999997e-05,,,,,
130,1.0,45649,,0.003327465383335948,,,,
130,1.0,45699,,0.005072083789855242,,,,
130,0.9921875,45749,,0.020179998129606247,,,,
130,1.0,45799,,0.003106695134192705,,,,
130,0.9921875,45849,,0.026632456108927727,,,,
130,0.9921875,45899,,0.014336459338665009,,,,
130,1.0,45949,,0.0061748516745865345,,,,
130,,45980,,,1.2209739685058594,0.7797999978065491,,
,,45981,2.9999999999999997e-05,,,,,
131,0.984375,45999,,0.034273602068424225,,,,
131,0.9921875,46049,,0.025406375527381897,,,,
131,1.0,46099,,0.006951483432203531,,,,
131,1.0,46149,,0.002122079487890005,,,,
131,0.9921875,46199,,0.031469669193029404,,,,
131,1.0,46249,,0.009037081152200699,,,,
131,1.0,46299,,0.0055415029637515545,,,,
131,,46331,,,1.2344459295272827,0.7806000113487244,,
,,46332,2.9999999999999997e-05,,,,,
132,1.0,46349,,0.010211363434791565,,,,
132,1.0,46399,,0.0032622870057821274,,,,
132,1.0,46449,,0.001991182565689087,,,,
132,1.0,46499,,0.004060197155922651,,,,
132,1.0,46549,,0.002978115575388074,,,,
132,1.0,46599,,0.007487896829843521,,,,
132,1.0,46649,,0.010988151654601097,,,,
132,,46682,,,1.2325233221054077,0.7739999890327454,,
,,46683,2.9999999999999997e-05,,,,,
133,0.9921875,46699,,0.014086462557315826,,,,
133,0.984375,46749,,0.029192563146352768,,,,
133,0.9921875,46799,,0.023591237142682076,,,,
133,0.9921875,46849,,0.016253050416707993,,,,
133,1.0,46899,,0.008604235015809536,,,,
133,1.0,46949,,0.009762786328792572,,,,
133,0.9765625,46999,,0.06799598783254623,,,,
133,,47033,,,1.2224867343902588,0.7799999713897705,,
,,47034,2.9999999999999997e-05,,,,,
134,1.0,47049,,0.005038353614509106,,,,
134,1.0,47099,,0.007684709969907999,,,,
134,0.9921875,47149,,0.017402738332748413,,,,
134,0.984375,47199,,0.05305580049753189,,,,
134,0.9921875,47249,,0.012540830299258232,,,,
134,0.9921875,47299,,0.014381990768015385,,,,
134,1.0,47349,,0.011469874531030655,,,,
134,,47384,,,1.2166600227355957,0.7807999849319458,,
,,47385,2.9999999999999997e-05,,,,,
135,1.0,47399,,0.003456852165982127,,,,
135,0.9921875,47449,,0.030165914446115494,,,,
135,0.9921875,47499,,0.015578154474496841,,,,
135,1.0,47549,,0.007584805600345135,,,,
135,0.9921875,47599,,0.012341661378741264,,,,
135,1.0,47649,,0.002842319430783391,,,,
135,0.984375,47699,,0.03530191630125046,,,,
135,,47735,,,1.2268661260604858,0.7799999713897705,,
,,47736,2.9999999999999997e-05,,,,,
136,1.0,47749,,0.005069741979241371,,,,
136,0.9921875,47799,,0.01580057665705681,,,,
136,0.9921875,47849,,0.031896669417619705,,,,
136,0.9921875,47899,,0.015362418256700039,,,,
136,0.9921875,47949,,0.015957143157720566,,,,
136,1.0,47999,,0.0029939692467451096,,,,
136,1.0,48049,,0.00445356871932745,,,,
136,,48086,,,1.235042929649353,0.7785999774932861,,
,,48087,2.9999999999999997e-05,,,,,
137,0.9921875,48099,,0.007006025407463312,,,,
137,1.0,48149,,0.0033214683644473553,,,,
137,0.9921875,48199,,0.014324717223644257,,,,
137,1.0,48249,,0.01017292495816946,,,,
137,1.0,48299,,0.004277431406080723,,,,
137,1.0,48349,,0.009063825011253357,,,,
137,1.0,48399,,0.012395027093589306,,,,
137,,48437,,,1.2244880199432373,0.7825999855995178,,
,,48438,2.9999999999999997e-05,,,,,
138,0.984375,48449,,0.04038739204406738,,,,
138,0.9921875,48499,,0.01144680567085743,,,,
138,1.0,48549,,0.008107759058475494,,,,
138,1.0,48599,,0.0035910054575651884,,,,
138,1.0,48649,,0.008710181340575218,,,,
138,1.0,48699,,0.0015006805770099163,,,,
138,1.0,48749,,0.0041301497258245945,,,,
138,,48788,,,1.2413629293441772,0.7817999720573425,,
,,48789,2.9999999999999997e-05,,,,,
139,1.0,48799,,0.008088675327599049,,,,
139,1.0,48849,,0.002986959181725979,,,,
139,1.0,48899,,0.0032541651744395494,,,,
139,1.0,48949,,0.0035263309255242348,,,,
139,1.0,48999,,0.00732549000531435,,,,
139,1.0,49049,,0.004177736584097147,,,,
139,1.0,49099,,0.01085130125284195,,,,
139,,49139,,,1.2313826084136963,0.7807999849319458,,
,,49140,2.9999999999999997e-05,,,,,
140,1.0,49149,,0.003230372676625848,,,,
140,1.0,49199,,0.012077802792191505,,,,
140,1.0,49249,,0.004960875958204269,,,,
140,0.9921875,49299,,0.016499297693371773,,,,
140,1.0,49349,,0.004159171134233475,,,,
140,0.9921875,49399,,0.01620989479124546,,,,
140,1.0,49449,,0.003392297076061368,,,,
140,,49490,,,1.2266184091567993,0.7843999862670898,,
,,49491,2.9999999999999997e-05,,,,,
141,1.0,49499,,0.008897916413843632,,,,
141,0.9921875,49549,,0.06412432342767715,,,,
141,1.0,49599,,0.006126980762928724,,,,
141,0.9921875,49649,,0.008720748126506805,,,,
141,0.9921875,49699,,0.013308071531355381,,,,
141,1.0,49749,,0.001334923435933888,,,,
141,1.0,49799,,0.010031210258603096,,,,
141,,49841,,,1.264009714126587,0.7788000106811523,,
,,49842,2.9999999999999997e-05,,,,,
142,1.0,49849,,0.001676163519732654,,,,
142,1.0,49899,,0.0035493995528668165,,,,
142,1.0,49949,,0.010404095984995365,,,,
142,1.0,49999,,0.00412872014567256,,,,
142,1.0,50049,,0.017901567742228508,,,,
142,1.0,50099,,0.007232480216771364,,,,
142,0.9921875,50149,,0.020427847281098366,,,,
142,,50192,,,1.2658156156539917,0.7796000242233276,,
,,50193,2.9999999999999997e-05,,,,,
143,1.0,50199,,0.010648182593286037,,,,
143,1.0,50249,,0.007529479917138815,,,,
143,0.9921875,50299,,0.012596700340509415,,,,
143,1.0,50349,,0.006607506424188614,,,,
143,1.0,50399,,0.003580394433811307,,,,
143,0.984375,50449,,0.024431683123111725,,,,
143,1.0,50499,,0.00570552796125412,,,,
143,,50543,,,1.2764960527420044,0.774399995803833,,
,,50544,2.9999999999999997e-05,,,,,
144,1.0,50549,,0.0008869950543157756,,,,
144,1.0,50599,,0.0042846426367759705,,,,
144,0.9921875,50649,,0.02313479222357273,,,,
144,1.0,50699,,0.01471882127225399,,,,
144,0.984375,50749,,0.04948965087532997,,,,
144,1.0,50799,,0.007055504713207483,,,,
144,0.984375,50849,,0.023877445608377457,,,,
144,,50894,,,1.272720456123352,0.7752000093460083,,
,,50895,2.9999999999999997e-05,,,,,
145,1.0,50899,,0.004827250260859728,,,,
145,1.0,50949,,0.0015186197124421597,,,,
145,1.0,50999,,0.0027449256740510464,,,,
145,1.0,51049,,0.002736177993938327,,,,
145,0.9921875,51099,,0.013658715412020683,,,,
145,1.0,51149,,0.006895759142935276,,,,
145,1.0,51199,,0.007185450289398432,,,,
145,,51245,,,1.2897194623947144,0.7770000100135803,,
,,51246,2.9999999999999997e-05,,,,,
146,1.0,51249,,0.0017516183434054255,,,,
146,0.984375,51299,,0.04731874167919159,,,,
146,1.0,51349,,0.0022327564656734467,,,,
146,0.9921875,51399,,0.007844830863177776,,,,
146,1.0,51449,,0.0040543051436543465,,,,
146,1.0,51499,,0.003561635734513402,,,,
146,1.0,51549,,0.005783190485090017,,,,
146,,51596,,,1.290331482887268,0.7785999774932861,,
,,51597,2.9999999999999997e-05,,,,,
147,1.0,51599,,0.00894693098962307,,,,
147,1.0,51649,,0.009882476180791855,,,,
147,1.0,51699,,0.0027335574850440025,,,,
147,0.9921875,51749,,0.014186963438987732,,,,
147,0.9765625,51799,,0.03240014985203743,,,,
147,1.0,51849,,0.002150279236957431,,,,
147,0.9921875,51899,,0.018494313582777977,,,,
147,,51947,,,1.2937984466552734,0.7767999768257141,,
,,51948,2.9999999999999997e-05,,,,,
148,1.0,51949,,0.0077508543618023396,,,,
148,1.0,51999,,0.007097718771547079,,,,
148,1.0,52049,,0.0067430357448756695,,,,
148,1.0,52099,,0.007459833286702633,,,,
148,0.984375,52149,,0.0313710980117321,,,,
148,1.0,52199,,0.005048537161201239,,,,
148,1.0,52249,,0.0023877634666860104,,,,
148,,52298,,,1.2680104970932007,0.7764000296592712,,
,,52299,2.9999999999999997e-05,,,,,
149,0.984375,52299,,0.024623800069093704,,,,
149,0.984375,52349,,0.036226868629455566,,,,
149,0.9921875,52399,,0.01846712827682495,,,,
149,0.984375,52449,,0.03955380991101265,,,,
149,1.0,52499,,0.002912060357630253,,,,
149,1.0,52549,,0.01339574996381998,,,,
149,1.0,52599,,0.0024027624167501926,,,,
149,0.9921875,52649,,0.020087914541363716,,,,
149,,52649,,,1.2887550592422485,0.7781999707221985,,
,,52650,3e-06,,,,,
150,1.0,52699,,0.010627854615449905,,,,
150,0.9921875,52749,,0.024266459047794342,,,,
150,0.9921875,52799,,0.011903248727321625,,,,
150,1.0,52849,,0.005841263569891453,,,,
150,1.0,52899,,0.0016974429599940777,,,,
150,0.9921875,52949,,0.011253176257014275,,,,
150,1.0,52999,,0.0012398307444527745,,,,
150,,53000,,,1.2864933013916016,0.7797999978065491,,
,,53001,3e-06,,,,,
151,0.9921875,53049,,0.01608469896018505,,,,
151,1.0,53099,,0.0062539586797356606,,,,
151,0.984375,53149,,0.017972514033317566,,,,
151,1.0,53199,,0.0029055376071482897,,,,
151,0.9921875,53249,,0.021841606125235558,,,,
151,1.0,53299,,0.005495668854564428,,,,
151,1.0,53349,,0.003704717615619302,,,,
151,,53351,,,1.2871826887130737,0.7796000242233276,,
,,53352,3e-06,,,,,
152,1.0,53399,,0.004661151673644781,,,,
152,1.0,53449,,0.00994823407381773,,,,
152,0.9921875,53499,,0.027433384209871292,,,,
152,0.9921875,53549,,0.011131885461509228,,,,
152,0.9921875,53599,,0.017757762223482132,,,,
152,0.984375,53649,,0.03610978648066521,,,,
152,1.0,53699,,0.0018820541445165873,,,,
152,,53702,,,1.285688042640686,0.7788000106811523,,
,,53703,3e-06,,,,,
153,1.0,53749,,0.0030320885125547647,,,,
153,1.0,53799,,0.005585494451224804,,,,
153,1.0,53849,,0.001364806666970253,,,,
153,1.0,53899,,0.0027060643769800663,,,,
153,0.984375,53949,,0.01953679695725441,,,,
153,1.0,53999,,0.0010410879040136933,,,,
153,1.0,54049,,0.010467153042554855,,,,
153,,54053,,,1.2864314317703247,0.777999997138977,,
,,54054,3e-06,,,,,
154,1.0,54099,,0.0007017229218035936,,,,
154,0.9921875,54149,,0.018508443608880043,,,,
154,0.9921875,54199,,0.007544336840510368,,,,
154,1.0,54249,,0.004459759220480919,,,,
154,1.0,54299,,0.0015574343269690871,,,,
154,1.0,54349,,0.003961306530982256,,,,
154,0.9921875,54399,,0.019986895844340324,,,,
154,,54404,,,1.2854517698287964,0.7793999910354614,,
,,54405,3e-06,,,,,
155,1.0,54449,,0.0037144275847822428,,,,
155,1.0,54499,,0.001773722586221993,,,,
155,0.9921875,54549,,0.008629302494227886,,,,
155,0.9921875,54599,,0.013978742994368076,,,,
155,0.9921875,54649,,0.020247915759682655,,,,
155,0.9921875,54699,,0.011637444607913494,,,,
155,1.0,54749,,0.0016306292964145541,,,,
155,,54755,,,1.2883350849151611,0.7784000039100647,,
,,54756,3e-06,,,,,
156,0.9921875,54799,,0.019747961312532425,,,,
156,1.0,54849,,0.003372292034327984,,,,
156,1.0,54899,,0.0023433149326592684,,,,
156,1.0,54949,,0.005034339148551226,,,,
156,1.0,54999,,0.0023677705321460962,,,,
156,1.0,55049,,0.005158107727766037,,,,
156,0.984375,55099,,0.020679496228694916,,,,
156,,55106,,,1.285870909690857,0.7796000242233276,,
,,55107,3e-06,,,,,
157,1.0,55149,,0.010438462719321251,,,,
157,0.9921875,55199,,0.04149973392486572,,,,
157,1.0,55249,,0.007118096575140953,,,,
157,1.0,55299,,0.001587049919180572,,,,
157,1.0,55349,,0.006708560977131128,,,,
157,0.9921875,55399,,0.017955590039491653,,,,
157,1.0,55449,,0.005256180185824633,,,,
157,,55457,,,1.2857412099838257,0.777999997138977,,
,,55458,3e-06,,,,,
158,1.0,55499,,0.0029187402687966824,,,,
158,1.0,55549,,0.005176614038646221,,,,
158,1.0,55599,,0.007828451693058014,,,,
158,1.0,55649,,0.005561613943427801,,,,
158,0.9921875,55699,,0.026829777285456657,,,,
158,1.0,55749,,0.007679634727537632,,,,
158,1.0,55799,,0.00604980019852519,,,,
158,,55808,,,1.285538911819458,0.777999997138977,,
,,55809,3e-06,,,,,
159,0.9921875,55849,,0.006939077749848366,,,,
159,1.0,55899,,0.014440744183957577,,,,
159,0.9921875,55949,,0.013589905574917793,,,,
159,1.0,55999,,0.0015373207861557603,,,,
159,1.0,56049,,0.0028137722983956337,,,,
159,1.0,56099,,0.0039762770757079124,,,,
159,1.0,56149,,0.0024613828863948584,,,,
159,,56159,,,1.2836363315582275,0.7767999768257141,,
,,56160,3e-06,,,,,
160,0.984375,56199,,0.04479305446147919,,,,
160,1.0,56249,,0.003843168495222926,,,,
160,0.9921875,56299,,0.015358731150627136,,,,
160,1.0,56349,,0.003245430998504162,,,,
160,1.0,56399,,0.005154519807547331,,,,
160,0.9921875,56449,,0.00823504850268364,,,,
160,0.984375,56499,,0.035330671817064285,,,,
160,,56510,,,1.2838859558105469,0.7770000100135803,,
,,56511,3e-06,,,,,
161,1.0,56549,,0.008361789397895336,,,,
161,0.984375,56599,,0.025584377348423004,,,,
161,1.0,56649,,0.0021582022309303284,,,,
161,1.0,56699,,0.004287951625883579,,,,
161,1.0,56749,,0.008654353208839893,,,,
161,0.9921875,56799,,0.012659085914492607,,,,
161,1.0,56849,,0.0027231897693127394,,,,
161,,56861,,,1.2838855981826782,0.7778000235557556,,
,,56862,3e-06,,,,,
162,1.0,56899,,0.006688358727842569,,,,
162,1.0,56949,,0.004908678587526083,,,,
162,1.0,56999,,0.0045491294004023075,,,,
162,1.0,57049,,0.004377233330160379,,,,
162,1.0,57099,,0.002576438942924142,,,,
162,1.0,57149,,0.0038164544384926558,,,,
162,1.0,57199,,0.002915194258093834,,,,
162,,57212,,,1.2892189025878906,0.7757999897003174,,
,,57213,3e-06,,,,,
163,1.0,57249,,0.0016499522607773542,,,,
163,1.0,57299,,0.012678585015237331,,,,
163,0.9921875,57349,,0.014099334366619587,,,,
163,0.984375,57399,,0.027074813842773438,,,,
163,1.0,57449,,0.008345106616616249,,,,
163,0.9921875,57499,,0.021715160459280014,,,,
163,1.0,57549,,0.0032700286246836185,,,,
163,,57563,,,1.2888667583465576,0.7778000235557556,,
,,57564,3e-06,,,,,
164,1.0,57599,,0.0007050859276205301,,,,
164,1.0,57649,,0.0024320431984961033,,,,
164,1.0,57699,,0.007386078592389822,,,,
164,1.0,57749,,0.006174878682941198,,,,
164,1.0,57799,,0.005280354060232639,,,,
164,1.0,57849,,0.004290953278541565,,,,
164,1.0,57899,,0.005111808888614178,,,,
164,,57914,,,1.2868319749832153,0.777999997138977,,
,,57915,3e-06,,,,,
165,1.0,57949,,0.004454585257917643,,,,
165,1.0,57999,,0.010440618731081486,,,,
165,1.0,58049,,0.0017476725624874234,,,,
165,1.0,58099,,0.002281318884342909,,,,
165,0.984375,58149,,0.030081482604146004,,,,
165,1.0,58199,,0.0018746658461168408,,,,
165,1.0,58249,,0.005319138057529926,,,,
165,,58265,,,1.2846685647964478,0.7770000100135803,,
,,58266,3e-06,,,,,
166,1.0,58299,,0.00334723643027246,,,,
166,1.0,58349,,0.004896839149296284,,,,
166,1.0,58399,,0.005222582258284092,,,,
166,1.0,58449,,0.005682419054210186,,,,
166,0.9921875,58499,,0.010842383839190006,,,,
166,1.0,58549,,0.00382793671451509,,,,
166,1.0,58599,,0.006502061616629362,,,,
166,,58616,,,1.2852818965911865,0.7778000235557556,,
,,58617,3e-06,,,,,
167,1.0,58649,,0.0010070448042824864,,,,
167,1.0,58699,,0.0060914563946425915,,,,
167,0.984375,58749,,0.039596784859895706,,,,
167,1.0,58799,,0.003553065238520503,,,,
167,0.984375,58849,,0.021348867565393448,,,,
167,1.0,58899,,0.00341216498054564,,,,
167,1.0,58949,,0.004735967144370079,,,,
167,,58967,,,1.2828408479690552,0.7788000106811523,,
,,58968,3e-06,,,,,
168,1.0,58999,,0.003098462475463748,,,,
168,1.0,59049,,0.005051585379987955,,,,
168,0.9921875,59099,,0.016174618154764175,,,,
168,1.0,59149,,0.002238544635474682,,,,
168,1.0,59199,,0.0008919198298826814,,,,
168,1.0,59249,,0.013140758499503136,,,,
168,1.0,59299,,0.0008722231141291559,,,,
168,,59318,,,1.2875051498413086,0.7781999707221985,,
,,59319,3e-06,,,,,
169,0.984375,59349,,0.060580093413591385,,,,
169,1.0,59399,,0.0018522331956773996,,,,
169,1.0,59449,,0.007972580380737782,,,,
169,1.0,59499,,0.0015965689672157168,,,,
169,0.9921875,59549,,0.05826221778988838,,,,
169,0.9921875,59599,,0.008810725063085556,,,,
169,1.0,59649,,0.003266933374106884,,,,
169,,59669,,,1.2858564853668213,0.7797999978065491,,
,,59670,3e-06,,,,,
170,0.9921875,59699,,0.016336526721715927,,,,
170,0.9921875,59749,,0.012337211519479752,,,,
170,0.9921875,59799,,0.029550272971391678,,,,
170,1.0,59849,,0.001442480948753655,,,,
170,0.984375,59899,,0.037954218685626984,,,,
170,1.0,59949,,0.0009347973391413689,,,,
170,0.9921875,59999,,0.018201731145381927,,,,
170,,60020,,,1.2874693870544434,0.7788000106811523,,
,,60021,3e-06,,,,,
171,0.9921875,60049,,0.017433438450098038,,,,
171,1.0,60099,,0.004003867506980896,,,,
171,1.0,60149,,0.005581879522651434,,,,
171,1.0,60199,,0.0010532648302614689,,,,
171,1.0,60249,,0.008417751640081406,,,,
171,1.0,60299,,0.0014859309885650873,,,,
171,1.0,60349,,0.007361335679888725,,,,
171,,60371,,,1.2883692979812622,0.7796000242233276,,
,,60372,3e-06,,,,,
172,1.0,60399,,0.004591382574290037,,,,
172,1.0,60449,,0.007269422523677349,,,,
172,1.0,60499,,0.0004746539634652436,,,,
172,1.0,60549,,0.0045756264589726925,,,,
172,1.0,60599,,0.0012577885063365102,,,,
172,1.0,60649,,0.00489250011742115,,,,
172,0.9921875,60699,,0.009138192981481552,,,,
172,,60722,,,1.2880170345306396,0.7793999910354614,,
,,60723,3e-06,,,,,
173,1.0,60749,,0.002337988233193755,,,,
173,1.0,60799,,0.002719223964959383,,,,
173,1.0,60849,,0.0014160933205857873,,,,
173,1.0,60899,,0.0036194841377437115,,,,
173,1.0,60949,,0.0022521179635077715,,,,
173,0.9921875,60999,,0.01708189770579338,,,,
173,1.0,61049,,0.00608636811375618,,,,
173,,61073,,,1.289823293685913,0.7775999903678894,,
,,61074,3e-06,,,,,
174,0.9921875,61099,,0.0181216299533844,,,,
174,1.0,61149,,0.000711412460077554,,,,
174,1.0,61199,,0.0013471904676407576,,,,
174,1.0,61249,,0.0032035966869443655,,,,
174,1.0,61299,,0.0019024339271709323,,,,
174,1.0,61349,,0.00266351574100554,,,,
174,1.0,61399,,0.004928861279040575,,,,
174,,61424,,,1.2899746894836426,0.7788000106811523,,
,,61425,3e-06,,,,,
175,0.9921875,61449,,0.012119433842599392,,,,
175,1.0,61499,,0.0032829379197210073,,,,
175,1.0,61549,,0.007292778696864843,,,,
175,1.0,61599,,0.0030955947004258633,,,,
175,0.9921875,61649,,0.03784527629613876,,,,
175,0.9921875,61699,,0.050264641642570496,,,,
175,1.0,61749,,0.006460811942815781,,,,
175,,61775,,,1.289228081703186,0.7767999768257141,,
,,61776,3e-06,,,,,
176,1.0,61799,,0.0047841742634773254,,,,
176,0.9921875,61849,,0.012033240869641304,,,,
176,1.0,61899,,0.006281240377575159,,,,
176,0.9921875,61949,,0.013827135786414146,,,,
176,1.0,61999,,0.0035677659325301647,,,,
176,1.0,62049,,0.005433183629065752,,,,
176,1.0,62099,,0.011889688670635223,,,,
176,,62126,,,1.290480613708496,0.7796000242233276,,
,,62127,3e-06,,,,,
177,1.0,62149,,0.001305583049543202,,,,
177,1.0,62199,,0.0030530611984431744,,,,
177,0.9921875,62249,,0.03272678703069687,,,,
177,1.0,62299,,0.0014969906769692898,,,,
177,1.0,62349,,0.0019313531229272485,,,,
177,0.984375,62399,,0.054218243807554245,,,,
177,1.0,62449,,0.0052289715968072414,,,,
177,,62477,,,1.2934200763702393,0.7784000039100647,,
,,62478,3e-06,,,,,
178,1.0,62499,,0.003045951249077916,,,,
178,1.0,62549,,0.0015383216086775064,,,,
178,1.0,62599,,0.0012572779087349772,,,,
178,0.9921875,62649,,0.011244907043874264,,,,
178,1.0,62699,,0.0030478062108159065,,,,
178,1.0,62749,,0.007741130422800779,,,,
178,0.9921875,62799,,0.008246148005127907,,,,
178,,62828,,,1.295535922050476,0.7789999842643738,,
,,62829,3e-06,,,,,
179,1.0,62849,,0.0020133010111749172,,,,
179,0.984375,62899,,0.03122083656489849,,,,
179,1.0,62949,,0.003157739993184805,,,,
179,1.0,62999,,0.003168285358697176,,,,
179,1.0,63049,,0.008904238231480122,,,,
179,0.9921875,63099,,0.013598769903182983,,,,
179,1.0,63149,,0.0035363673232495785,,,,
179,,63179,,,1.2934918403625488,0.7789999842643738,,
180,,63180,,,,,0.7843999862670898,1.2266184091567993
180,,63180,,,,,0.7833999991416931,1.2201160192489624
